"ID","Slug","Title","InternalLinkCount","LinkedSlugs"
"4602","vietnam-postal-codes","ベトナム（ホーチミン・ハノイ）の郵便番号一覧表&amp;検索方法","0",""
"7675","overseas-job-inexperienced-guide","未経験から海外転職を成功させる完全ガイド2026【職種・国別・準備から内定まで】","0",""
"4695","vietnamese-keyboard-input","パソコンでベトナム語をキーボード入力する方法(Windows / MacOS)","0",""
"4635","vietnam-sim-card-guide","ベトナムで携帯電話(スマホ)を使う SIMカードの購入＆使い方ガイド","0",""
"4331","hanoi-thaifoods","ハノイおすすめのタイ料理レストラン10選！","0",""
"7698","overseas-job-women-guide","女性の海外転職完全ガイド｜成功する人の特徴と注意点を解説","0",""
"4063","dalat-hotels-guide","ベトナム在住者おすすめのダラット高級ホテル3選(+α)！ダラット旅行への必須ガイド！","0",""
"4108","for-japanese-leaners","ベトナム人・外国人向けおすすめ無料日本語勉強サイト11選","0",""
"7691","expat-vs-local-hire","駐在員と現地採用の違いを徹底比較｜給与・待遇・キャリアの差を解説","0",""
"6758","hochiminh-hairdresser-guide","【2026最新】ベトナム ホーチミンの日系会計事務所をご紹介！","0",""
"4786","hanoi-west-lake-cafes","ハノイ・タイ湖　おすすめカフェ&#038;レストランから観光地まで10選","0",""
"4927","hanoi-bars-guide","厳選！ハノイのおすすめ人気バー12選","0",""
"4910","hanoi-brunch-restaurants","ハノイでブンチャー食べるならこのお店！おすすめ6店","0",""
"7081","thailand-vpn-guide","【2026最新】タイでおすすめのVPN５選！","0",""
"7137","indonesia-vpn-guide","【2026年最新】インドネシアでおすすめのVPN5選！","0",""
"7147","philippines-vpn-guide","【2026年最新】フィリピンのおすすめVPN5選！","0",""
"7122","malaysia-vpn-guide","【2026年最新】マレーシアでおすすめのVPN5選！","0",""
"7133","singapore-vpn-guide","【2026年最新】シンガポールでおすすめのVPN5選！","0",""
"7938","philippines-job-complete-guide","フィリピン転職完全ガイド【2026年最新】求人・給与・ビザ情報","0",""
"7939","overseas-job-merit-demerit","海外転職のメリット・デメリット徹底解説【経験者が語る7つのポイント】","0",""
"7738","indonesia-job-complete-guide","インドネシア転職完全ガイド【2026年最新】ジャカルタで働くための全知識","0",""
"7935","singapore-visa-employment-pass-guide","シンガポールのビザ・就労許可完全ガイド【2026年最新】EP・Sパス取得方法","0",""
"7940","overseas-job-sales-guide","海外転職で営業職に就く方法【需要の高い職種】完全ガイド","0",""
"3586","grab-app-usage-guide","わかると便利！ Grab（グラブ）の使い方","0",""
"3526","hanoi-trang-tien-plaza","ホアンキエム湖至近、ハノイ旧市街の高級ショッピングモール「チャンティエンプラザ」","0",""
"3634","hanoi-business-hotels","出張者におすすめ！ハノイの日本人向けビジネスホテル3選","0",""
"3624","hanoi-cake-shops","ハノイのおいしいケーキ屋3選！アフタヌーンティーに、ぜいたくなデザートに！","0",""
"4026","vietnam-banh-trang-souvenirs","ベトナムを代表する人気の陶器村、バッチャン焼きを買いにバッチャン村へ！","0",""
"4000","vietnam-silk-souvenirs","ベトナムみやげ：上質な伝統みやげ「シルク」","0",""
"7705","overseas-job-regret-prevention","海外転職で後悔しないために｜失敗事例から学ぶ5つのポイント","0",""
"4052","vietnam-chocolate-souvenirs","ベトナムみやげ：おしゃれなパッケージが魅力の「チョコレート」（Marou, Pheva）","0",""
"3988","vietnam-ao-dai-souvenirs","ベトナムみやげ：ベトナムの伝統衣装「アオザイ」","0",""
"3712","japan-vietnam-worker-employment","日本でベトナム人(外国人労働者)を採用するには？【ビザの種類、手続き方法、注意点など】","0",""
"3835","hanoi-spa-guide","ハノイ市のスパ3選！日ごろの疲れをいやして美も手に入る！","0",""
"7720","overseas-job-salary-guide","海外転職の給料・年収を徹底解説【2026年最新】国別・職種別の相場と交渉のコツ","0",""
"3914","vietnam-noodles-hazard","連なる山々と少数民族が織りなす壮大な風景、ベトナム北端のハザンを巡る感動の旅へ！","0",""
"6462","vietnam-vpn-guide","【2026最新】ベトナムおすすめのVPN５つを徹底比較！","0",""
"5711","thailand-sim-card-guide","タイで携帯電話(スマホ)を使う SIMカードの購入＆使い方ガイド","0",""
"5751","brunei-5star-hotels-guide","ブンタウでおすすめの高級5つ星・4つ星ホテル6選","0",""
"5665","malay-translation-apps","無料で使えるマレー語翻訳・辞書アプリおすすめ","0",""
"5699","yogyakarta-5star-hotels-guide","ジョグジャカルタでおすすめの高級5つ星ホテル6選","0",""
"5732","thailand-postal-codes","タイ（バンコク）の郵便番号一覧表＆検索方法","0",""
"5253","penang-5star-hotels-guide","ペナンでおすすめの高級5つ星ホテル6選","0",""
"5833","phnom-penh-5star-hotels-guide","プノンペンでおすすめの高級5つ星ホテル6選","0",""
"5763","malaysia-sim-card-guide","マレーシアで携帯電話(スマホ)を使う SIMカードの購入＆使い方ガイド","0",""
"5287","cebu-5star-hotels-guide","セブ島のおすすめ高級5つ星ホテル5選","0",""
"5394","bangkok-thai-school","タイ・バンコクでタイ語を勉強！レッスン教室がある学校おすすめ5選[2026年最新版]","0",""
"5337","nha-trang-5star-hotels-guide","ニャチャンでおすすめの高級5つ星ホテル6選","0",""
"5385","langkawi-5star-hotels-guide","ランカウイでおすすめの高級5つ星ホテル6選","0",""
"5376","malacca-5star-hotels-guide","マラッカでおすすめの高級5つ星ホテル6選","0",""
"5552","kota-kinabalu-5star-hotels-guide","コタキナバルでおすすめの高級5つ星ホテル6選","0",""
"5317","phu-quoc-5star-hotels-guide","フーコックでおすすめの高級5つ星ホテル6選","0",""
"5301","manila-5star-hotels-guide","マニラでおすすめの高級5つ星ホテル5選","0",""
"5566","palawan-5star-hotels-guide","フィリピン・パラワン島でおすすめの高級5つ星ホテル5選","0",""
"5590","siem-reap-5star-hotels-guide","シェムリアップ（アンコールワット）でおすすめの高級5つ星ホテル6選","0",""
"6156","hochiminh-area-map","ホーチミン ラーメンマップ2026","0",""
"5059","vietnam-food-delivery-apps","ハノイ・ホーチミンで利用可能なフードデリバリーアプリ5選","0",""
"6064","vietnam-travel-visa-guide","【2026最新】ベトナムビザの取得方法、駐日ベトナム大使館（東京）への行き方","0",""
"6093","vietnam-timo-bank-account","【2026最新】短期滞在者でも◎ ベトナムでTimoの口座を開設する方法","0",""
"5026","hanoi-korean-restaurants","ハノイで美味しい韓国料理食べるならここ!!おすすめ10選","0",""
"6563","hochiminh-aeon-mall","【2026最新】ホーチミンの日系大型ショッピングモール『イオンモール』をご紹介！（タンフーセラドン・ビンタン）","0",""
"6498","vietnam-chatgpt-usage","ベトナムでChatGPTを使う方法【アカウント登録方法・公式LINE AIチャット】","0",""
"6334","hochiminh-pho-restaurants","【2026最新】ホーチミンの美味しいフォー、おすすめ10選！","0",""
"4962","hanoi-cinema-guide","ハノイで映画！おすすめ映画館７選","0",""
"5194","pattaya-5star-hotels-guide","パタヤでおすすめの高級5つ星ホテル6選","0",""
"5177","kualalumpur-5star-hotels-guide","クアラルンプールでおすすめの高級5つ星ホテル6選","0",""
"5204","phuket-5star-hotels-guide","プーケットでおすすめの高級5つ星ホテル6選","0",""
"5921","yangon-5star-hotels-guide","ヤンゴンでおすすめの高級5つ星ホテル6選","0",""
"5970","hakodate-5star-hotels-guide","台北でおすすめの高級5つ星ホテル6選","0",""
"6016","malaysia-postal-codes","マレーシアの郵便番号一覧表＆検索方法","0",""
"6035","chiangrai-5star-hotels-guide","チェンライでおすすめの高級5つ星・4つ星ホテル6選","0",""
"5144","singapore-5star-hotels-guide","シンガポールでおすすめの高級５つ星ホテル９選","0",""
"4985","hanoi-area-map","ベトナム・ハノイ ラーメンマップ [2026最新版]","0",""
"981","bigbang-vietnam-popularity","BIGBANGとラーメンはここベトナムでも大人気！！","0",""
"967","vietnam-weekend-enjoyment","お祝い大好きなベトナムで楽しく生活しています！","0",""
"998","bangkok-chatuchak-market","Chatuchak market（チャトゥチャック・ウィークエンド・マーケット）","0",""
"1045","vietnam-barber-experience","人生で初めてのバーバーをベトナムで食べに行ってきました！","0",""
"1019","intern-introduction-basic","初めまして。","0",""
"860","hochiminh-fashion-shopping","ホーチミンのおすすめファッションビル","0",""
"833","vietnam-football-culture","ベトナム人のサッカー愛が凄すぎた","0",""
"896","vietnam-tet-holiday","街から誰もいなくなる！？ベトナムのテト（旧正月）にそなえて","0",""
"944","vietnam-banh-mi-huynh-hoa","ベトナムで大人気ヤギの焼肉を紹介します！","0",""
"865","vietnam-typhoon-experience","ベトナムで長距離列車に乗る","0",""
"1175","hanoi-foot-nail-halei","『halei』フットネイル体験ルポ in Ha Noi","0",""
"1167","dalat-travel-guide","ベトナム人に人気のスポット in ダラット (Da Lat)","0",""
"16","blog-introduction","ブログはじめました。","0",""
"1227","hochiminh-photogenic-cafe-maison","ホーチミン・グエンフエ通りのフォトジェニックなカフェマンション（カフェアパートメント）","0",""
"1214","hochiminh-pho-24","ホーチミンで行っておきたいフォーレストラン「フォー24」","0",""
"1071","intern-introduction-makie","初めまして！インターンの堀越です～！","0",""
"1031","summer-in-closed-eyes","Summer in closed eyes","0",""
"1098","hanoi-summer-experience","ハノイ動物園に行ってきました！","0",""
"1137","danang-craft-beer-7bridges","ベトナム ダナンのクラフトビール『7BRIDGES』","0",""
"1115","vietnam-internship-thoughts","ベトナム人学生インターンシップに対する意識調査","0",""
"421","hochiminh-multicultural-event","ホーチミンでめざせマルチリンガル！？　多言語が学べる交流イベント","0",""
"402","vietnam-local-food-experience","ベトナムのローカル料理！！","0",""
"456","bangkok-hair-salon","バンコクの日系ヘアーサロン CHELI HAIR","0",""
"573","japan-vietnam-differences","１ヶ月半、ベトナムで過ごしてみて・・・","0",""
"492","vietnam-independence-day","ベトナム女性の日","0",""
"82","intern-introduction-seita","インターン生の清水です！","0",""
"53","hochiminh-shinjuku-restaurant","ホーチミンで予約が取れないと噂の「寿司酒場 きよ田」へ行ってきました。","0",""
"171","hochiminh-halloween","ホーチミンのハロウィンを満喫してきました","0",""
"215","bangkok-transportation-guide","バンコクのレートが良いオススメの優良両替所ガイド","0",""
"205","my-best-friends","My Best Friends","0",""
"660","hochiminh-chinatown-guide","本場中華が食べられる！ホーチミンの中華街、チョロン","0",""
"710","hochiminh-nail-salons","女子必見！ホーチミンの安カワおすすめネイルサロン～Kawaii nail～","0",""
"752","hochiminh-ao-dai-experience","ホーチミンでベトナム美女になる！？憧れのアオザイ体験","0",""
"808","vietnam-cao-dai-temple-tour","ベトナムの新興宗教！？カオダイ教総本山までバイクツーリングしてみた","0",""
"792","hochiminh-phuc-long-cafe","ホーチミンの若者で賑わうカフェチェーン　PHUC LONG","0",""
"618","hochiminh-christmas","どう過ごす！？南国ホーチミンのクリスマス","0",""
"597","company-trip-malaysia","社員旅行inマレーシア","0",""
"633","thailand-language-basics","タイ語を習おう!!","0",""
"677","curry-lovers","ラーメン大好き","0",""
"643","hochiminh-new-restaurant-kubara","ファンビッチャンに新しく出来た「天ぷら 久原」に行ってきました。","0",""
"8139","vietnam-economic-corridors-2026","ベトナム南北経済回廊と産業動向2026｜北部・中部・南部の投資環境","0",""
"1610","hochiminh-sightseeing-spots","ベトナムホーチミンのオススメ夜景スポット ４選","0",""
"2269","vietnam-labor-law-2021","2021年施行(2019年改正)ベトナム改正労働法と労働許可証の変更点","0",""
"3226","hochiminh-weather-guide","ホーチミンの年間天気は？台風は来るの？ホーチミンの天気予報サイトも紹介！","0",""
"1480","hanoi-pho-ly-quoc-su","キンマー通りのフォーレストラン『Pho Bo Ly Quoc Su』","0",""
"8117","thailand-personal-income-tax-guide-2026","タイ個人所得税完全ガイド2026【税率・控除・確定申告を徹底解説】","0",""
"1884","hanoi-japanese-bookstore","【ハノイ】日本語の本（書籍）が読める場所５ヶ所","0",""
"3027","bangkok-rooftop-bars","タイ・バンコクのハッピーアワーを楽しめるルーフトップバー9選！","0",""
"8118","vietnam-personal-income-tax-guide-2026","ベトナム個人所得税完全ガイド2026【税率・控除・確定申告を徹底解説】","0",""
"8116","vietnam-manufacturing-job-guide-2026","ベトナム製造業求人完全ガイド2026【職種別・地域別・待遇徹底解説】","0",""
"8113","thailand-japanese-company-ranking-2026","タイ日系企業ランキング2026【業種別・投資動向完全ガイド】","0",""
"8114","vietnam-japanese-company-ranking-2026","ベトナム日系企業ランキング2026【業種別・投資動向完全ガイド】","0",""
"8115","thailand-manufacturing-job-guide-2026","タイ製造業求人完全ガイド2026【職種別・地域別・待遇徹底解説】","0",""
"3262","hochiminh-english-school","ベトナム・ホーチミンの英語教室は？英語学校など学習方法と、子どもの為のオンラインスクールをご紹介！","0",""
"1386","hanoi-pho-gia-truyen","ハノイの有名フォーレストラン『Pho Gia Truyen（フォー・ザー・チュエン）』","0",""
"1277","hanoi-pho-mai-anh","ハノイのフォー・ガー専門店『Mai Anh（マイ・アイン）』","0",""
"8138","vietnam-investment-incentives-2026","ベトナム投資優遇制度2026年最新情報｜法人税・関税・土地使用料","0",""
"1256","hanoi-university-anniversary","ハノイ大学　日本語学部設立25周年記念イベント","0",""
"1194","hanoi-local-barber","営業マンは歯が命！ハノイのローカル歯医者へ突撃しました","0",""
"1311","hanoi-bao-son-paradise","ハノイのテーマパーク『バオソンパラダイス』に行ってきました！！","0",""
"3325","vietnam-incense-guide","ベトナム料理といえば？ベトナム料理の特徴やフォーや生春巻きなど有名なベトナム料理を紹介！","0",""
"1421","hanoi-local-pho-hoang-tung","Chua Lang通りの若者で賑わうローカルレストラン『HOANG TUNG』","0",""
"1436","company-trip-thailand-2018","2018年社員旅行 In Thailand","0",""
"5273","hua-hin-5star-hotels-guide","フアヒンでおすすめの高級5つ星ホテル6選","1","%E3%83%90%E3%83%B3%E3%82%B3%E3%82%AF%E3%81%AE%E3%81%8A%E3%81%99%E3%81%99%E3%82%815%E3%81%A4%E6%98%9F%E3%83%9B%E3%83%86%E3%83%AB"
"3782","hochiminh-japanese-restaurants","ホーチミンのおすすめ日本食ランチ3選！寿司や刺身をお得に食べるならここ！","1","%e3%83%9b%e3%83%bc%e3%83%81%e3%83%9f%e3%83%b3%e5%b8%82%e5%ae%8c%e5%85%a8%e5%80%8b%e5%ae%a4%e6%8e%a5%e5%be%85%e3%81%ae%e5%ba%97%e6%98%a5%e5%a4%8f%e5%86%ac"
"3239","hanoi-shopping-malls","日本人が行くハノイのおすすめショッピングモール！地域別に解説！","1","%e3%83%8f%e3%83%8e%e3%82%a4%e3%81%ae%e5%ae%89%e5%85%a8%e9%87%8e%e8%8f%9c%e5%ae%85%e9%85%8d%e3%82%b5%e3%83%bc%e3%83%93%e3%82%b9%e3%80%8c%e3%81%97%e3%82%85%e3%82%93%e3%80%8d"
"3365","hochiminh-sightseeing-guide","ベトナム・ホーチミンのおすすめ人気観光地20選！","1","%E3%83%9B%E3%83%BC%E3%83%81%E3%83%9F%E3%83%B3%E5%9C%A8%E4%BD%8F%E8%80%85%E3%81%8A%E3%81%99%E3%81%99%E3%82%81%E3%81%AE%E9%AB%98%E7%B4%9A%EF%BC%95%E3%81%A4%E6%98%9F%E3%83%9B%E3%83%86%E3%83%AB"
"3447","hanoi-vincom-center","ハノイの高級ショッピングモール！ビンコムセンターを紹介します","1","%e3%83%8f%e3%83%8e%e3%82%a4%e3%81%ae%e5%ae%89%e5%85%a8%e9%87%8e%e8%8f%9c%e5%ae%85%e9%85%8d%e3%82%b5%e3%83%bc%e3%83%93%e3%82%b9%e3%80%8c%e3%81%97%e3%82%85%e3%82%93%e3%80%8d"
"5309","chiangmai-5star-hotels-guide","チェンマイでおすすめの高級5つ星ホテル6選","1","%E3%82%BF%E3%82%A4%E3%83%BB%E3%83%81%E3%82%A7%E3%83%B3%E3%83%9E%E3%82%A4%E3%81%A7%E3%82%B3%E3%82%B9%E3%83%91%E3%81%AE%E3%81%84%E3%81%84%E3%83%9B%E3%83%86%E3%83%AB8%E9%81%B8"
"3543","hanoi-aeon-mall","1日楽しめる日系ショッピングモール！ベトナム・ハノイのイオンモールをご紹介します","1","%e3%83%8f%e3%83%8e%e3%82%a4%e3%81%ae%e5%ae%89%e5%85%a8%e9%87%8e%e8%8f%9c%e5%ae%85%e9%85%8d%e3%82%b5%e3%83%bc%e3%83%93%e3%82%b9%e3%80%8c%e3%81%97%e3%82%85%e3%82%93%e3%80%8d"
"3732","vietnam-organic-vegetables-delivery","ホーチミン・ハノイの安全・安心野菜デリバリーサービス「しゅん」日本食材も","1","%E3%83%8F%E3%83%8E%E3%82%A4%E3%81%AE%E3%81%8A%E3%81%99%E3%81%99%E3%82%81%E3%82%B7%E3%83%A7%E3%83%83%E3%83%94%E3%83%B3%E3%82%B0%E3%83%A2%E3%83%BC%E3%83%AB"
"3643","hochiminh-japanese-restaurant-futatsubo","ホーチミン市で完全個室の日本食レストラン・接待の店といえばここ！「春夏冬」","1","%e3%83%9b%e3%83%bc%e3%83%81%e3%83%9f%e3%83%b3%e3%81%ae%e3%81%8a%e3%81%99%e3%81%99%e3%82%81%e6%97%a5%e6%9c%ac%e9%a3%9f%e3%83%a9%e3%83%b3%e3%83%813%e9%81%b8"
"3152","chiangmai-budget-hotels-guide","タイ・チェンマイでコスパの良いおすすめホテル8選","1","%E3%83%81%E3%82%A7%E3%83%B3%E3%83%9E%E3%82%A4%E3%81%8A%E3%81%99%E3%81%99%E3%82%81%E3%81%AE%E9%AB%98%E7%B4%9A5%E3%81%A4%E6%98%9F%E3%83%9B%E3%83%86%E3%83%AB"
"4413","hanoi-okonomiyaki-restaurants","ハノイで人気のおすすめお好み焼き5選","1","%e3%83%8f%e3%83%8e%e3%82%a4%e3%81%bc%e3%81%a6%e3%81%a2%e3%82%85%e3%81%86"
"1084","intern-introduction-miura","はじめまして^^インターン生の三浦です。","1","internship"
"2019","hochiminh-5star-hotels-guide","ベトナム・ホーチミン在住者おすすめの高級５つ星ホテル６選","1","%E3%83%9B%E3%83%BC%E3%83%81%E3%83%9F%E3%83%B3%E3%81%AE%E4%BA%BA%E6%B0%97%E8%A6%B3%E5%85%89%E5%9C%B0"
"5051","vietnam-religion-guide","ベトナムの宗教についてわかりやすく解説します！","1","%e3%83%99%e3%83%88%e3%83%8a%e3%83%a0%e6%96%b0%e8%88%88%e5%ae%97%e6%95%99%e3%82%ab%e3%82%aa%e3%83%80%e3%82%a4%e6%95%99%e7%b7%8f%e6%9c%ac%e5%b1%b1"
"4951","vietnam-japanese-bank-guide","在ベトナム日本国大使館＜営業時間・行き方・持ち物・できること＞","1","%e3%82%8f%e3%81%8b%e3%82%8b%e3%81%a8%e4%be%bf%e5%88%a9%ef%bc%81-grab%e3%81%ae%e4%bd%bf%e3%81%84%e6%96%b9"
"4802","hanoi-vietnamese-school","ハノイでベトナム語を勉強！レッスン教室がある学校おすすめ6校！[2022最新版]","1","%e3%83%8f%e3%83%8e%e3%82%a4%e3%83%bb%e3%83%99%e3%83%88%e3%83%8a%e3%83%a0%e8%aa%9e%e6%95%99%e5%ae%a4"
"4688","hanoi-botejyu-restaurant","ハノイ初進出！人気お好み焼き店「ぼてぢゅう」","1","%e3%83%8f%e3%83%8e%e3%82%a4%e3%81%ae%e3%81%8a%e5%a5%bd%e3%81%bf%e7%84%bc%e3%81%8d"
"4481","vietnamese-translation-apps","無料で使えるベトナム語翻訳・辞書アプリおすすめ6選","1","%e3%83%99%e3%83%88%e3%83%8a%e3%83%a0%e8%aa%9e"
"4829","hanoi-cafes-guide","ハノイおすすめカフェ12選","1","%e3%83%9b%e3%83%bc%e3%83%81%e3%83%9f%e3%83%b3%e3%81%ae%e8%8b%a5%e8%80%85%e3%81%a7%e8%b3%91%e3%82%8f%e3%81%86%e3%82%ab%e3%83%95%e3%82%a7%e3%83%81%e3%82%a7%e3%83%bc%e3%83%b3%e3%80%80phuc-long"
"2737","bangkok-luxury-hotels-guide","タイ・バンコクのおすすめ高級5つ星ホテル19選！","1","%e3%82%bf%e3%82%a4%e3%83%bb%e3%83%90%e3%83%b3%e3%82%b3%e3%82%af%e3%81%ae%e3%82%b3%e3%82%b9%e3%83%91%e3%83%9b%e3%83%86%e3%83%ab"
"5226","krabi-5star-hotels-guide","クラビでおすすめの高級５つ星ホテル6選","1","バンコクのおすすめ5つ星ホテル"
"3943","hoi-an-lantern-festival","日本とゆかりある遺跡もある、世界遺産の街ホイアンを散策（ホイアン観光）","1","%e3%83%9b%e3%82%a4%e3%82%a2%e3%83%b3%e3%81%8a%e3%81%99%e3%81%99%e3%82%81%e3%81%ae%e9%ab%98%e7%b4%9a5%e3%81%a4%e6%98%9f%e3%83%9b%e3%83%86%e3%83%ab"
"5239","samui-5star-hotels-guide","サムイ島でおすすめの高級5つ星ホテル6選","1","バンコクのおすすめ5つ星ホテル"
"3874","hochiminh-water-purifier-rental","RO浄水器リースの「しゅん」がホーチミン市でサービス開始！","1","%e3%83%8f%e3%83%8e%e3%82%a4%e3%81%ae%e5%ae%89%e5%85%a8%e9%87%8e%e8%8f%9c%e5%ae%85%e9%85%8d%e3%82%b5%e3%83%bc%e3%83%93%e3%82%b9%e3%80%8c%e3%81%97%e3%82%85%e3%82%93%e3%80%8d"
"3960","phu-quoc-starlight-beach","神秘的な洞窟はまるで別世界、フォンニャー・ケバン国立公園","1","%e3%83%9b%e3%82%a4%e3%82%a2%e3%83%b3%e3%81%8a%e3%81%99%e3%81%99%e3%82%81%e3%81%ae%e9%ab%98%e7%b4%9a5%e3%81%a4%e6%98%9f%e3%83%9b%e3%83%86%e3%83%ab"
"3067","hanoi-big-c","大きい・広い・多い！買い物しがい十分のハノイ・ビッグCに行ってきました！","1","%e3%83%8f%e3%83%8e%e3%82%a4%e3%81%ae%e5%ae%89%e5%85%a8%e9%87%8e%e8%8f%9c%e5%ae%85%e9%85%8d%e3%82%b5%e3%83%bc%e3%83%93%e3%82%b9%e3%80%8c%e3%81%97%e3%82%85%e3%82%93%e3%80%8d"
"2837","hanoi-supermarkets-guide","ハノイのおすすめスーパーマーケット！営業時間は？日系は？地域別に解説！","1","%e3%83%8f%e3%83%8e%e3%82%a4%e3%81%ae%e5%ae%89%e5%85%a8%e9%87%8e%e8%8f%9c%e5%ae%85%e9%85%8d%e3%82%b5%e3%83%bc%e3%83%93%e3%82%b9%e3%80%8c%e3%81%97%e3%82%85%e3%82%93%e3%80%8d"
"2873","bangkok-budget-hotels-guide","タイ・バンコクのコスパのいい穴場ホテル9選！","1","%e3%83%90%e3%83%b3%e3%82%b3%e3%82%af%e3%81%ae%e3%81%8a%e3%81%99%e3%81%99%e3%82%815%e3%81%a4%e6%98%9f%e3%83%9b%e3%83%86%e3%83%ab"
"3098","hanoi-lotte-mart","お土産ショッピングにもぴったり！ハノイのロッテマートに行ってきました！","1","%e3%83%8f%e3%83%8e%e3%82%a4%e3%81%ae%e5%ae%89%e5%85%a8%e9%87%8e%e8%8f%9c%e5%ae%85%e9%85%8d%e3%82%b5%e3%83%bc%e3%83%93%e3%82%b9%e3%80%8c%e3%81%97%e3%82%85%e3%82%93%e3%80%8d"
"5878","kualalumpur-malay-school","クアラルンプールでマレー語を勉強！レッスン教室がある学校おすすめ6校！[2026最新版]","1","%e3%83%9e%e3%83%ac%e3%83%bc%e8%aa%9e%e7%bf%bb%e8%a8%b3"
"5955","sihanoukville-5star-hotels-guide","シアヌークビルでおすすめの高級5つ星ホテル6選","1","%e3%82%b7%e3%82%a7%e3%83%a0%e3%83%aa%e3%82%a2%e3%83%83%e3%83%97%e3%81%8a%e3%81%99%e3%81%99%e3%82%81%e3%81%ae%e9%ab%98%e7%b4%9a5%e3%81%a4%e6%98%9f%e3%83%9b%e3%83%86%e3%83%ab"
"7635","vietnam-japanese-school-guide","【2026年最新】ベトナムの日本語教育が急成長する理由","1","internship"
"5810","rayong-5star-hotels-guide","ムイネーでおすすめの高級5つ星・4つ星ホテル6選","1","%e3%83%80%e3%83%a9%e3%83%83%e3%83%88%e3%81%8a%e3%81%99%e3%81%99%e3%82%81%e3%83%9b%e3%83%86%e3%83%ab"
"6615","hochiminh-massage-guide","【2026最新】ホーチミンのおすすめマッサージ11選！","1","%e3%83%9b%e3%83%bc%e3%83%81%e3%83%9f%e3%83%b3%e3%82%b9%e3%83%91"
"6197","hochiminh-supermarkets-guide","【2026年最新】ホーチミンのおすすめスーパーマーケットを地域別にご紹介！","1","%E3%83%9B%E3%83%BC%E3%83%81%E3%83%9F%E3%83%B3%E3%82%A4%E3%82%AA%E3%83%B3%E3%83%A2%E3%83%BC%E3%83%AB"
"6616","hochiminh-spa-guide","【2026最新】ホーチミンのおすすめスパ７選～コスパ重視から高級スパまで～","1","%E3%83%9B%E3%83%BC%E3%83%81%E3%83%9F%E3%83%B3%E3%83%9E%E3%83%83%E3%82%B5%E3%83%BC%E3%82%B8"
"6178","hochiminh-vietnamese-school","【2026最新】ホーチミンでベトナム語を勉強！レッスン教室がある学校おすすめ7校！","1","%E3%83%8F%E3%83%8E%E3%82%A4%E3%83%BB%E3%83%99%E3%83%88%E3%83%8A%E3%83%A0%E8%AA%9E%E6%95%99%E5%AE%A4"
"5980","seoul-5star-hotels-guide","ソウルでおすすめの高級5つ星ホテル6選","1","%e3%83%8f%e3%83%8e%e3%82%a4%e3%83%bb%e3%83%ad%e3%83%83%e3%83%86%e3%83%9e%e3%83%bc%e3%83%88"
"6004","taipei-5star-hotels-guide","香港でおすすめの高級5つ星ホテル6選","1","%e3%83%90%e3%83%b3%e3%82%b3%e3%82%af%e3%81%ae%e3%81%8a%e3%81%99%e3%81%99%e3%82%815%e3%81%a4%e6%98%9f%e3%83%9b%e3%83%86%e3%83%ab"
"5774","vientiane-5star-hotels-guide","ファンティエットでおすすめの高級5つ星・4つ星ホテル6選","1","%e3%83%80%e3%83%a9%e3%83%83%e3%83%88%e3%81%8a%e3%81%99%e3%81%99%e3%82%81%e3%83%9b%e3%83%86%e3%83%ab"
"5843","jakarta-5star-hotels-guide","ジャカルタでおすすめの高級5つ星ホテル6選","1","%e3%83%90%e3%83%aa%e5%b3%b6%e3%81%8a%e3%81%99%e3%81%99%e3%82%81%e3%81%ae%e9%ab%98%e7%b4%9a5%e3%81%a4%e6%98%9f%e3%83%9b%e3%83%86%e3%83%ab"
"5803","johor-bahru-5star-hotels-guide","ジョホールバルでおすすめの高級5つ星・4つ星ホテル6選","1","%e3%83%9e%e3%83%a9%e3%83%83%e3%82%ab%e3%81%8a%e3%81%99%e3%81%99%e3%82%81%e3%81%ae%e9%ab%98%e7%b4%9a5%e3%81%a4%e6%98%9f%e3%83%9b%e3%83%86%e3%83%ab"
"5794","ipoh-5star-hotels-guide","マレーシア・イポーでおすすめの高級5つ星・4つ星ホテル6選","1","%e3%83%9e%e3%83%a9%e3%83%83%e3%82%ab%e3%81%8a%e3%81%99%e3%81%99%e3%82%81%e3%81%ae%e9%ab%98%e7%b4%9a5%e3%81%a4%e6%98%9f%e3%83%9b%e3%83%86%e3%83%ab"
"6712","hoi-an-travel-guide","【2026最新】世界遺産の街『ホイアン』をご紹介！（おすすめスポット、グルメ、お土産、行き方、ベストシーズン等）","2","%E3%82%8F%E3%81%8B%E3%82%8B%E3%81%A8%E4%BE%BF%E5%88%A9%EF%BC%81-grab%E3%81%AE%E4%BD%BF%E3%81%84%E6%96%B9,%e3%83%9b%e3%82%a4%e3%82%a2%e3%83%b3%e3%81%8a%e3%81%99%e3%81%99%e3%82%81%e3%81%ae%e9%ab%98%e7%b4%9a5%e3%81%a4%e6%98%9f%e3%83%9b%e3%83%86%e3%83%ab"
"2878","hanoi-futomaki-supermarket","日本人に大人気の日系スーパー、ハノイの富分に行ってきました","2","%e3%83%8f%e3%83%8e%e3%82%a4%e3%81%ae%e3%81%8a%e3%81%99%e3%81%99%e3%82%81%e3%82%b9%e3%83%bc%e3%83%91%e3%83%bc%e3%83%9e%e3%83%bc%e3%82%b1%e3%83%83%e3%83%88,%e3%83%8f%e3%83%8e%e3%82%a4%e3%81%ae%e5%ae%89%e5%85%a8%e9%87%8e%e8%8f%9c%e5%ae%85%e9%85%8d%e3%82%b5%e3%83%bc%e3%83%93%e3%82%b9%e3%80%8c%e3%81%97%e3%82%85%e3%82%93%e3%80%8d"
"2870","hochiminh-serviced-apartments","日本人に人気のホーチミンおすすめサービスアパート10選(1区、3区、7区)","2","%e3%83%9b%e3%83%bc%e3%83%81%e3%83%9f%e3%83%b3%e3%81%ae%e8%b3%83%e8%b2%b8%e3%82%aa%e3%83%95%e3%82%a3%e3%82%b9%e3%82%92%e5%a5%91%e7%b4%84%e3%81%99%e3%82%8b,%e3%83%99%e3%83%88%e3%83%8a%e3%83%a0%e3%83%bb%e3%83%9b%e3%83%bc%e3%83%81%e3%83%9f%e3%83%b3%e3%81%ae%e8%b3%83%e8%b2%b8%e3%82%aa%e3%83%95%e3%82%a3%e3%82%b9%e3%82%92%e6%8e%a2%e3%81%99"
"3812","hanoi-water-purifier-rental","安全で美味しい水をハノイでも！「しゅん」のレンタルRO浄水器の紹介","2","%e3%83%9b%e3%83%bc%e3%83%81%e3%83%9f%e3%83%b3%e5%b8%82%e3%83%bb%e6%b5%84%e6%b0%b4%e5%99%a8%e3%81%ae%e3%81%97%e3%82%85%e3%82%93,%e3%83%8f%e3%83%8e%e3%82%a4%e3%81%ae%e5%ae%89%e5%85%a8%e9%87%8e%e8%8f%9c%e5%ae%85%e9%85%8d%e3%82%b5%e3%83%bc%e3%83%93%e3%82%b9%e3%80%8c%e3%81%97%e3%82%85%e3%82%93%e3%80%8d"
"2621","hanoi-5star-hotels-guide","ベトナム・ハノイのおすすめ高級5つ星ホテル21選！","2","%e3%83%8f%e3%83%8e%e3%82%a4%e3%81%ae%e6%97%a7%e5%b8%82%e8%a1%97%e3%81%8a%e3%81%99%e3%81%99%e3%82%81%e3%82%b9%e8%a6%b3%e5%85%89%e3%82%b9%e3%83%9d%e3%83%83%e3%83%88,%e3%83%99%e3%83%88%e3%83%8a%e3%83%a0%e3%83%bb%e3%83%8f%e3%83%8e%e3%82%a4%e3%81%ae%e3%81%8a%e3%81%99%e3%81%99%e3%82%81%e5%b8%82%e5%86%85%e8%a6%b3%e5%85%89%e3%82%b9%e3%83%9d%e3%83%83%e3%83%88"
"2171","hanoi-market-sightseeing","ハノイのおすすめ市内観光スポット30選！","2","%e3%83%8f%e3%83%8e%e3%82%a4%e3%81%ae%e3%81%8a%e3%81%99%e3%81%99%e3%82%81%e9%ab%98%e7%b4%9a5%e3%81%a4%e6%98%9f%e3%83%9b%e3%83%86%e3%83%ab,%e3%83%8f%e3%83%8e%e3%82%a4%e3%81%ae%e6%97%a7%e5%b8%82%e8%a1%97%e3%81%8a%e3%81%99%e3%81%99%e3%82%81%e3%82%b9%e8%a6%b3%e5%85%89%e3%82%b9%e3%83%9d%e3%83%83%e3%83%88"
"7159","vietnam-rental-wifi","【2026年最新】ベトナム旅行の際のレンタルWi-Fi 13社を徹底比較！","2","%E3%83%99%E3%83%88%E3%83%8A%E3%83%A0%E3%81%A7%E6%90%BA%E5%B8%AF%E9%9B%BB%E8%A9%B1%E4%BD%BF%E3%81%84%E6%96%B9%E3%82%AC%E3%82%A4%E3%83%89,internship"
"2167","hochiminh-office-rental-guide","ベトナム・ホーチミンの賃貸オフィスを探すときに気を付けたい９項目","2","%e3%83%9b%e3%83%bc%e3%83%81%e3%83%9f%e3%83%b3%e3%81%ae%e3%81%8a%e8%96%a6%e3%82%81%e3%82%b5%e3%83%bc%e3%83%93%e3%82%b9%e3%82%a2%e3%83%91%e3%83%bc%e3%83%8810%e9%81%b8,%e3%83%9b%e3%83%bc%e3%83%81%e3%83%9f%e3%83%b3%e3%81%ae%e8%b3%83%e8%b2%b8%e3%82%aa%e3%83%95%e3%82%a3%e3%82%b9%e3%82%92%e5%a5%91%e7%b4%84%e3%81%99%e3%82%8b%e9%9a%9b%e3%81%ab%e5%bf%85%e3%81%9a%e7%a2%ba"
"2427","hanoi-old-quarter-sightseeing","ハノイの旧市街おすすめ観光スポット17選！","2","%e3%83%99%e3%83%88%e3%83%8a%e3%83%a0%e3%83%bb%e3%83%8f%e3%83%8e%e3%82%a4%e3%81%ae%e3%81%8a%e3%81%99%e3%81%99%e3%82%81%e5%b8%82%e5%86%85%e8%a6%b3%e5%85%89%e3%82%b9%e3%83%9d%e3%83%83%e3%83%88,%e3%83%8f%e3%83%8e%e3%82%a4%e3%81%ae%e3%81%8a%e3%81%99%e3%81%99%e3%82%81%e9%ab%98%e7%b4%9a5%e3%81%a4%e6%98%9f%e3%83%9b%e3%83%86%e3%83%ab"
"2221","hochiminh-office-rental-checklist","ホーチミンの賃貸オフィスを契約する際に必ず確認するべき８項目","2","%e3%83%9b%e3%83%bc%e3%83%81%e3%83%9f%e3%83%b3%e3%81%ae%e3%81%8a%e8%96%a6%e3%82%81%e3%82%b5%e3%83%bc%e3%83%93%e3%82%b9%e3%82%a2%e3%83%91%e3%83%bc%e3%83%8810%e9%81%b8,%e3%83%99%e3%83%88%e3%83%8a%e3%83%a0%e3%83%bb%e3%83%9b%e3%83%bc%e3%83%81%e3%83%9f%e3%83%b3%e3%81%ae%e8%b3%83%e8%b2%b8%e3%82%aa%e3%83%95%e3%82%a3%e3%82%b9%e3%82%92%e6%8e%a2%e3%81%99%e3%81%a8%e3%81%8d"
"1365","hanoi-pho-thin-restaurant","ハノイで最初に行くべきフォーのお店！『Pho Thin（フォー・ティン）』","2","%e3%83%99%e3%83%88%e3%83%8a%e3%83%a0%e3%83%bb%e3%83%8f%e3%83%8e%e3%82%a4%e3%81%ae%e3%81%8a%e3%81%99%e3%81%99%e3%82%81%e5%b8%82%e5%86%85%e8%a6%b3%e5%85%89%e3%82%b9%e3%83%9d%e3%83%83%e3%83%88,%e3%83%8f%e3%83%8e%e3%82%a4%e3%81%ae%e6%97%a7%e5%b8%82%e8%a1%97%e3%81%8a%e3%81%99%e3%81%99%e3%82%81%e3%82%b9%e8%a6%b3%e5%85%89%e3%82%b9%e3%83%9d%e3%83%83%e3%83%88"
"5411","thailand-beer-guide","タイで有名なおすすめのビール15選","2","%e3%83%99%e3%83%88%e3%83%8a%e3%83%a0%e3%81%ae%e3%83%93%e3%83%bc%e3%83%ab,タイ・バンコクのハッピーアワーを楽しめるルー"
"5345","hoi-an-5star-hotels-guide","ホイアンでおすすめの高級5つ星ホテル6選","2","%e3%83%80%e3%83%8a%e3%83%b3%e3%81%8a%e3%81%99%e3%81%99%e3%82%81%e3%81%ae%e9%ab%98%e7%b4%9a5%e3%81%a4%e6%98%9f%e3%83%9b%e3%83%86%e3%83%ab,%e3%83%9b%e3%82%a4%e3%82%a2%e3%83%b3%e3%81%8a%e3%81%99%e3%81%99%e3%82%81%e3%81%ae%e9%ab%98%e7%b4%9a5%e3%81%a4%e6%98%9f%e3%83%9b%e3%83%86%e3%83%ab"
"5328","danang-5star-hotels-guide","ダナンでおすすめの高級5つ星ホテル7選","2","%e3%83%9b%e3%82%a4%e3%82%a2%e3%83%b3%e3%81%8a%e3%81%99%e3%81%99%e3%82%81%e3%81%ae%e9%ab%98%e7%b4%9a5%e3%81%a4%e6%98%9f%e3%83%9b%e3%83%86%e3%83%ab,%e3%83%95%e3%82%a8%e3%81%8a%e3%81%99%e3%81%99%e3%82%81%e3%81%ae%e9%ab%98%e7%b4%9a5%e3%81%a4%e6%98%9f%e3%83%9b%e3%83%86%e3%83%ab"
"5434","vietnam-beer-guide","ベトナムで有名なおすすめのビール15選","2","%e3%82%bf%e3%82%a4%e3%81%ae%e3%83%93%e3%83%bc%e3%83%ab,ベトナムの宗教"
"5825","bangkok-5star-hotels-by-area","バリ島でおすすめのエリア別高級5つ星ホテル24選","2","%e3%82%b8%e3%83%a3%e3%82%ab%e3%83%ab%e3%82%bf%e3%81%8a%e3%81%99%e3%81%99%e3%82%81%e3%81%ae%e9%ab%98%e7%b4%9a5%e3%81%a4%e6%98%9f%e3%83%9b%e3%83%86%e3%83%ab,%e3%82%b8%e3%83%a7%e3%82%b0%e3%82%b8%e3%83%a3%e3%82%ab%e3%83%ab%e3%82%bf%e3%81%8a%e3%81%99%e3%81%99%e3%82%81%e3%81%ae%e9%ab%98%e7%b4%9a5%e3%81%a4%e6%98%9f%e3%83%9b%e3%83%86%e3%83%ab"
"5210","hue-5star-hotels-guide","フエでおすすめの高級5つ星ホテル8選","2","%e3%83%80%e3%83%8a%e3%83%b3%e3%81%8a%e3%81%99%e3%81%99%e3%82%81%e3%81%ae%e9%ab%98%e7%b4%9a5%e3%81%a4%e6%98%9f%e3%83%9b%e3%83%86%e3%83%ab,%e3%83%9b%e3%82%a4%e3%82%a2%e3%83%b3%e3%81%8a%e3%81%99%e3%81%99%e3%82%81%e3%81%ae%e9%ab%98%e7%b4%9a5%e3%81%a4%e6%98%9f%e3%83%9b%e3%83%86%e3%83%ab"
"6372","hochiminh-cafes-guide","【2026最新】必見！ベトナム・ホーチミンでおすすめなお洒落カフェ","2","%e3%83%9b%e3%83%bc%e3%83%81%e3%83%9f%e3%83%b3%e3%83%81%e3%83%a7%e3%82%b3%e3%83%ac%e3%83%bc%e3%83%88,%E3%83%9B%E3%83%BC%E3%83%81%E3%83%9F%E3%83%B3%E3%81%AE%E3%83%95%E3%82%A9%E3%83%88%E3%82%B8%E3%82%A7%E3%83%8B%E3%83%83%E3%82%AF%E3%81%AA%E3%81%8A%E3%81%97%E3%82%83%E3%82%8C%E3%81%AA%E3%82%AB%E3%83%95"
"6261","hochiminh-chocolate-shops","【2026最新】ホーチミンのおすすめチョコレート特集！（お土産、専門店、カフェ）","2","%E3%83%9B%E3%83%BC%E3%83%81%E3%83%9F%E3%83%B3%E3%81%8A%E3%81%99%E3%81%99%E3%82%81%E3%81%AE%E3%82%AB%E3%83%95%E3%82%A7,%e3%83%9b%e3%83%bc%e3%83%81%e3%83%9f%e3%83%b3%e3%81%ae%e3%81%8a%e3%81%99%e3%81%99%e3%82%81%e3%81%8a%e5%9c%9f%e7%94%a3"
"8262","haiphong-jobs-career-guide-2026","ハイフォンの求人・就職事情完全ガイド2026｜ベトナム北部最大の港湾都市で働く","3","vietnam-salary-guide-2026,vietnam-japanese-manufacturing-trends-2026,hanoi-residential-area-guide-2026"
"8245","bangkok-residential-area-guide-2026","バンコク住居エリア完全ガイド｜日本人に人気のエリア・家賃相場【2026年最新版】","3","thailand-salary-guide-2026,thailand-hospitals-medical-facilities-guide-2026,thailand-visa-extension-renewal-guide-2026"
"8244","thailand-hospitals-medical-facilities-guide-2026","タイの病院・医療機関ガイド｜日本語対応・JCI認証病院一覧【2026年最新版】","3","thailand-health-insurance-guide-2026,bangkok-residential-area-guide-2026,thailand-salary-guide-2026"
"8261","danang-jobs-career-guide-2026","ダナンの求人・就職事情完全ガイド2026｜IT特区で急成長するベトナム第3の都市","3","vietnam-salary-guide-2026,vietnam-visa-extension-renewal-guide-2026,vietnam-health-insurance-guide-2026"
"8243","thailand-health-insurance-guide-2026","タイの医療保険完全ガイド｜社会保険・民間保険・選び方【2026年最新版】","3","thailand-hospitals-medical-facilities-guide-2026,thailand-salary-guide-2026,thailand-visa-extension-renewal-guide-2026"
"8239","thailand-corporate-tax-boi-incentives-guide-2026","タイの法人税・税制優遇制度完全ガイド【2026年最新版】","3","thailand-personal-income-tax-guide-2026,thailand-tax-return-guide-for-japanese-2026,thailand-visa-work-permit-guide-2026"
"8238","thailand-tax-return-guide-for-japanese-2026","タイで働く日本人の確定申告完全ガイド【2026年最新版】","3","thailand-personal-income-tax-guide-2026,thailand-salary-guide-2026,thailand-social-security-guide-2026"
"8241","thailand-ev-policy-automotive-transformation-2026","タイ政府のEV政策と自動車産業の転換期【2026年最新版】","3","thailand-corporate-tax-boi-incentives-guide-2026,thailand-salary-guide-2026,thailand-visa-work-permit-guide-2026"
"8237","thailand-visa-extension-renewal-guide-2026","タイ駐在員のビザ延長・更新完全ガイド【2026年最新版】","3","thailand-visa-work-permit-guide-2026,thailand-salary-guide-2026,thailand-expat-vs-local-hire-salary-2026"
"8236","thailand-labor-protection-act-guide-2026","タイ労働者保護法の重要ポイント完全解説2026｜2025年12月施行の最新改正対応","3","thailand-salary-guide-2026,thailand-visa-work-permit-guide-2026,thailand-social-security-guide-2026"
"8133","thailand-international-school-guide-2026","タイインターナショナルスクール完全ガイド2026【学校選び・学費・入学方法】","3","thailand-job-complete-guide,thailand-working-japanese-guide,bangkok-job-guide"
"8132","thailand-japanese-school-guide-2026","タイ日本人学校完全ガイド2026【入学手続き・学費・教育内容】","3","thailand-job-complete-guide,thailand-working-japanese-guide,bangkok-job-guide"
"8135","vietnam-dismissal-regulations-guide-2026","ベトナム解雇規定完全ガイド2026【法定手続き・補償・トラブル対策】","3","vietnam-job-complete-guide,vietnam-japanese-company-guide,vietnam-living-cost-guide"
"8137","vietnam-social-security-guide-2026","ベトナム社会保険制度完全ガイド2026【加入手続き・給付内容・保険料】","3","vietnam-job-complete-guide,vietnam-japanese-company-guide,vietnam-living-cost-guide"
"8136","vietnam-severance-pay-guide-2026","ベトナム退職金制度完全ガイド2026【法定補償・計算方法・税務】","3","vietnam-job-complete-guide,vietnam-japanese-company-guide,vietnam-living-cost-guide"
"8129","thailand-severance-pay-guide-2026","タイ退職金制度完全ガイド2026【法定補償・計算方法・税務】","3","thailand-job-complete-guide,thailand-working-japanese-guide,bangkok-job-guide"
"8128","thailand-dismissal-regulations-guide-2026","タイ解雇規定完全ガイド2026【法定手続き・補償・トラブル対策】","3","thailand-job-complete-guide,thailand-working-japanese-guide,bangkok-job-guide"
"8140","vietnam-japanese-school-guide-2026","ベトナムの日本人学校完全ガイド2026｜ハノイ・ホーチミン","3","vietnam-living-guide-2025,vietnam-salary-guide-2025,vietnam-work-visa-guide-2025"
"8131","thailand-economy-outlook-2026","タイ経済2026年見通し完全ガイド【GDP予測・産業動向・投資環境】","3","thailand-job-complete-guide,thailand-working-japanese-guide,bangkok-job-guide"
"8130","thailand-social-security-guide-2026","タイ社会保険制度完全ガイド2026【加入手続き・給付内容・保険料】","3","thailand-job-complete-guide,thailand-working-japanese-guide,bangkok-job-guide"
"8272","hanoi-residential-area-guide-2026","ハノイ住居エリア完全ガイド｜日本人に人気のエリア・家賃相場【2026年最新版】","3","hanoi-job-guide,vietnam-living-cost-guide,vietnam-job-complete-guide"
"8266","vietnam-corporate-tax-incentives-guide-2026","ベトナムの法人税・税制優遇制度完全ガイド【2026年最新版】","3","vietnam-tax-return-guide-for-japanese-2026,vietnam-japanese-manufacturing-trends-2026,vietnam-visa-extension-renewal-guide-2026"
"8265","vietnam-tax-return-guide-for-japanese-2026","ベトナムで働く日本人の確定申告完全ガイド【2026年最新版】","3","vietnam-corporate-tax-incentives-guide-2026,vietnam-salary-guide-2026,vietnam-visa-extension-renewal-guide-2026"
"8268","vietnam-digital-transformation-policy-2026","ベトナム政府のデジタル化政策2026｜デジタル経済・電子政府・スマートシティの最新動向","3","vietnam-japanese-manufacturing-trends-2026,vietnam-corporate-tax-incentives-guide-2026,vietnam-salary-guide-2026"
"8267","vietnam-japanese-manufacturing-trends-2026","ベトナム製造業の日系企業動向2026｜チャイナプラスワンの最前線","3","vietnam-salary-guide-2026,vietnam-corporate-tax-incentives-guide-2026,haiphong-jobs-career-guide-2026"
"8331","vietnam-japan-economic-partnership-guide-2026","ベトナムと日本の経済連携｜貿易・投資・人材交流の最新動向2026年版","3","vietnam-job-complete-guide,vietnam-japanese-company-guide,vietnam-living-cost-guide"
"5647","myanmar-beer-guide","ミャンマーで有名なおすすめのビール7選","3","%e3%82%bf%e3%82%a4%e3%81%ae%e3%83%93%e3%83%bc%e3%83%ab,%e3%83%99%e3%83%88%e3%83%8a%e3%83%a0%e3%81%ae%e3%83%93%e3%83%bc%e3%83%ab,%e3%83%97%e3%83%bc%e3%82%b1%e3%83%83%e3%83%88%e3%81%8a%e3%81%99%e3%81%99%e3%82%81%e3%81%ae%e9%ab%98%e7%b4%9a5%e3%81%a4%e6%98%9f%e3%83%9b%e3%83%86%e3%83%ab"
"5629","philippines-beer-guide","フィリピンで有名なおすすめのビール8選","3","%e3%82%bf%e3%82%a4%e3%81%ae%e3%83%93%e3%83%bc%e3%83%ab,%e3%83%99%e3%83%88%e3%83%8a%e3%83%a0%e3%81%ae%e3%83%93%e3%83%bc%e3%83%ab,%e3%83%9e%e3%83%8b%e3%83%a9%e3%81%8a%e3%81%99%e3%81%99%e3%82%81%e3%81%ae%e9%ab%98%e7%b4%9a5%e3%81%a4%e6%98%9f%e3%83%9b%e3%83%86%e3%83%ab"
"5606","singapore-beer-guide","シンガポールで有名なおすすめのビール10選","3","%e3%82%bf%e3%82%a4%e3%81%ae%e3%83%93%e3%83%bc%e3%83%ab,%e3%83%99%e3%83%88%e3%83%8a%e3%83%a0%e3%81%ae%e3%83%93%e3%83%bc%e3%83%ab,%e3%82%b7%e3%83%b3%e3%82%ac%e3%83%9d%e3%83%bc%e3%83%ab%e3%81%8a%e3%81%99%e3%81%99%e3%82%81%e3%81%ae%e9%ab%98%e7%b4%9a%ef%bc%95%e3%81%a4%e6%98%9f%e3%83%9b%e3%83%86%e3%83%ab"
"6493","hochiminh-souvenirs-guide","【2026年最新】ホーチミン在住者イチオシのお土産/ショップ20選！ ～個人用からばらまき用までご紹介！～","3","%E3%83%9B%E3%83%BC%E3%83%81%E3%83%9F%E3%83%B3%E3%83%81%E3%83%A7%E3%82%B3%E3%83%AC%E3%83%BC%E3%83%88,%E3%83%99%E3%83%88%E3%83%8A%E3%83%A0%E3%81%AE%E3%83%93%E3%83%BC%E3%83%AB,internship"
"8264","vietnam-visa-extension-renewal-guide-2026","ベトナム駐在員のビザ延長・更新完全ガイド【2026年最新版】","3","vietnam-labor-contract-guide-2026,vietnam-salary-guide-2026,vietnam-tax-return-guide-for-japanese-2026"
"8263","vietnam-labor-contract-guide-2026","ベトナム労働契約の重要ポイント完全ガイド【2026年最新版】","3","vietnam-visa-extension-renewal-guide-2026,vietnam-salary-guide-2026,vietnam-health-insurance-guide-2026"
"8141","vietnam-international-school-guide-2026","ベトナムのインターナショナルスクール完全ガイド2026｜学費・カリキュラム・選び方","4","vietnam-japanese-school-guide-2026,vietnam-living-guide-2025,vietnam-salary-guide-2025,vietnam-work-visa-guide-2025"
"7689","overseas-job-without-english","英語ができなくても海外転職は可能！2026年版完全ガイド【国別・職種別・成功事例】","4","thailand-job-complete-guide,vietnam-job-complete-guide,overseas-job-inexperienced-guide,overseas-job-agent-comparison"
"7710","thailand-job-japanese-guide","タイで働く日本人完全ガイド2026｜仕事の探し方・給与相場・現実を解説","4","thailand-job-complete-guide,bangkok-job-guide,thailand-bangkok-living-cost,thailand-visa-work-permit-guide-2026"
"7702","vietnam-japanese-company-guide","ベトナムの日系企業で働く方法｜求人・給与・生活を徹底解説","4","vietnam-job-complete-guide,hanoi-job-guide,hochiminh-job-guide,vietnam-living-cost-guide"
"6992","thailand-recruitment-agencies-2026","【2026最新】タイの人材紹介会社一覧","4","thailand-job-complete-guide,bangkok-job-guide,overseas-job-agent-comparison,thailand-visa-work-permit-guide-2026"
"6804","vietnam-recruitment-agencies-2026","【2026最新】ベトナムの人材紹介会社・求人転職サイト一覧","4","vietnam-job-complete-guide,hanoi-job-guide,hochiminh-job-guide,overseas-job-agent-comparison"
"8328","vietnam-remote-work-jobs-guide-2026","ベトナムでリモートワーク求人2026｜職種別の探し方・ビザ・税金の注意点","4","vietnam-foreign-employment-regulations-2026,vietnam-job-complete-guide,vietnam-japanese-company-guide,vietnam-living-cost-guide"
"8330","vietnam-japan-tax-treaty-guide-2026","ベトナムと日本の租税条約解説｜二重課税回避と税務メリット2026年版","4","vietnam-foreign-employment-regulations-2026,vietnam-job-complete-guide,vietnam-japanese-company-guide,vietnam-living-cost-guide"
"8259","vietnam-salary-guide-2026","ベトナム転職の年収相場2026年版｜職種別・経験年数別の給与完全ガイド","4","vietnam-job-complete-guide,vietnam-living-cost-guide,vietnam-work-visa-application-guide-2026,expat-vs-local-hire"
"8260","vietnam-expat-vs-local-hire-salary-2026","ベトナム現地採用と駐在員の給料比較｜年収・手当・待遇の違いを徹底解説【2026年版】","4","vietnam-salary-guide-2026,vietnam-job-complete-guide,vietnam-hochiminh-living-cost,expat-vs-local-hire"
"8036","vietnam-economic-forecast-2026","ベトナム経済動向・成長予測2026【GDP成長率・主要産業・日系企業への影響】","4","vietnam-foreign-investment-regulations-2026,vietnam-minimum-wage-2026,vietnam-labor-law-employer-guide-2026,vietnam-japanese-companies-2026"
"8033","thailand-automotive-industry-2026","タイ日系企業動向・自動車産業完全ガイド2026【EVシフトと求人動向】","4","thailand-job-complete-guide,thailand-eec-investment-guide-2025,thailand-labor-law-employer-guide-2025,thailand-minimum-wage-2025"
"8035","vietnam-foreign-investment-regulations-2026","ベトナム外資規制・投資法完全ガイド2026【業種別の出資比率制限と投資手続き】","4","vietnam-labor-law-employer-guide-2026,vietnam-minimum-wage-2026,vietnam-japanese-companies-2026,vietnam-foreign-employment-regulations"
"7739","overseas-job-agent-comparison","海外転職エージェントおすすめ比較【2026年最新】アジア転職に強い7社を厳選","4","thailand-recruitment-agencies-2026,vietnam-recruitment-agencies-2026,thailand-job-complete-guide,vietnam-job-complete-guide"
"8271","hochiminh-residential-area-guide-2026","ホーチミン住居エリア完全ガイド｜日本人に人気のエリア・家賃相場【2026年最新版】","4","hochiminh-job-guide,vietnam-living-cost-guide,vietnam-job-complete-guide,vietnam-health-insurance-guide"
"8326","chiangmai-living-cost-guide-2026","チェンマイ生活費完全ガイド【2026年最新】家賃・食費・交通費を徹底解説","4","thailand-visa-work-permit-guide-2026,thailand-job-complete-guide,thailand-job-japanese-guide,bangkok-job-guide"
"8234","sriracha-jobs-career-guide-2026","シラチャ求人・転職完全ガイド｜日本人向け仕事・生活情報【2026年版】","4","thailand-job-complete-guide,thailand-salary-guide-2026,thailand-expat-vs-local-hire-salary-2026,chiangmai-jobs-career-guide-2026"
"7995","vietnam-minimum-wage-2026","【2026年1月施行】ベトナム最低賃金改定ガイド｜地域別金額・日系企業の対応","4","vietnam-job-complete-guide,vietnam-labor-law-employer-guide-2026,hanoi-job-guide,hochiminh-job-guide"
"8332","vietnam-safety-security-guide-2026","ベトナムの治安と安全対策【2026年最新】日本人が知っておくべき完全ガイド","5","vietnam-job-complete-guide,hochiminh-residential-area-guide-2026,vietnam-health-insurance-guide-2026,vietnam-hospitals-medical-facilities-guide-2026,vietnam-living-cost-guide"
"8232","chiangmai-jobs-career-guide-2026","チェンマイ求人・転職完全ガイド｜日本人向け仕事・生活情報【2026年版】","5","thailand-job-complete-guide,thailand-salary-guide-2026,thailand-expat-vs-local-hire-salary-2026,thailand-bangkok-living-cost,thailand-visa-work-permit-guide-2026"
"8325","thailand-safety-guide-2026","タイの治安と安全対策【2026年最新】日本人が知っておくべき完全ガイド","5","thailand-job-complete-guide,bangkok-residential-area-guide-2026,thailand-health-insurance-guide-2026,thailand-hospitals-medical-facilities-guide-2026,chiangmai-jobs-career-guide-2026"
"8231","thailand-call-center-jobs-guide-2026","タイでコールセンター求人ガイド｜給料・仕事内容・キャリアパスを徹底解説【2026年版】","5","thailand-salary-guide-2026,thailand-job-complete-guide,thailand-expat-vs-local-hire-salary-2026,thailand-bangkok-living-cost,thailand-visa-work-permit-guide-2026"
"8318","thailand-japanese-company-benefits-comparison-2025","タイ日系企業の福利厚生比較2026｜現地採用の待遇完全ガイド","5","thailand-job-complete-guide,thailand-job-japanese-guide,bangkok-job-guide,thailand-social-security-guide-2026,expat-vs-local-hire"
"8327","vietnam-japanese-company-benefits-guide-2026","ベトナム日系企業の福利厚生比較2026｜業種・規模別の住宅手当・医療保険・賞与","5","vietnam-salary-guide-2026,vietnam-expat-vs-local-hire-salary-2026,vietnam-social-security-guide-2026,hochiminh-residential-area-guide-2026,hanoi-residential-area-guide-2026"
"8329","vietnam-foreign-worker-legal-guide-2026","ベトナムで外国人が働く際の法的注意点2026｜政令219号・労働許可証・罰則","5","vietnam-personal-income-tax-guide-2026,vietnam-foreign-employment-regulations-2026,vietnam-job-complete-guide,vietnam-japanese-company-guide,vietnam-living-cost-guide"
"7735","hochiminh-job-guide","ホーチミンの求人・就職事情【2026年最新】日本人向け仕事ガイド","5","vietnam-job-complete-guide,vietnam-living-cost-guide,vietnam-labor-law-employer-guide-2026,vietnam-minimum-wage-2026,vietnam-recruitment-agencies-2026"
"7734","bangkok-job-guide","バンコクの求人・就職事情【2026年最新】日本人向け仕事の探し方","5","thailand-job-complete-guide,thailand-bangkok-living-cost,thailand-visa-work-permit-guide-2026,thailand-minimum-wage-guide-2025,thailand-recruitment-agencies-2026"
"8120","thailand-sales-job-guide-2026","タイ営業職求人完全ガイド2026【業界別年収・スキル要件・採用動向】","5","thailand-job-complete-guide,thailand-bangkok-living-cost,overseas-job-sales,bangkok-job-guide,overseas-recruitment-agent"
"7737","hanoi-job-guide","ハノイの求人・就職事情【2026年最新】日本人向け仕事ガイド","5","vietnam-job-complete-guide,vietnam-living-cost-guide,vietnam-labor-law-employer-guide-2026,vietnam-minimum-wage-2026,vietnam-recruitment-agencies-2026"
"7718","overseas-job-engineer-guide","エンジニアの海外転職完全ガイド2026【国別・職種別・給与・面接対策まで】","5","singapore-job-complete-guide,vietnam-job-complete-guide,overseas-job-salary,overseas-job-without-english,overseas-inexperienced"
"7686","overseas-job-40s-guide","40代からの海外転職完全ガイド2026【国別・ポジション別・成功事例】","5","overseas-job-50s,expat-vs-local-hire,overseas-job-salary,thailand-job-complete-guide,vietnam-job-complete-guide"
"7238","hanoi-souvenirs-guide","【2026最新】ベトナム・ハノイ おすすめのお土産/ショップ25選！ ～個人用からばらまき用までご紹介！～","5","%E3%83%9B%E3%83%BC%E3%83%81%E3%83%9F%E3%83%B3%E3%83%81%E3%83%A7%E3%82%B3%E3%83%AC%E3%83%BC%E3%83%88,%E3%83%8F%E3%83%8E%E3%82%A4%E3%81%AE%E3%81%8A%E3%81%99%E3%81%99%E3%82%81%E3%82%B9%E3%83%BC%E3%83%91%E3%83%BC%E3%83%9E%E3%83%BC%E3%82%B1%E3%83%83%E3%83%88,%E3%83%99%E3%83%88%E3%83%8A%E3%83%A0%E3%81%AE%E3%83%93%E3%83%BC%E3%83%AB,%E3%83%99%E3%83%88%E3%83%8A%E3%83%A0%E3%81%BF%E3%82%84%E3%81%92-%E3%83%90%E3%83%83%E3%83%81%E3%83%A3%E3%83%B3%E7%84%BC%E3%81%8D,internship"
"7712","overseas-job-50s-guide","50代からの海外転職完全ガイド2026【国別・ポジション別・成功事例】","5","overseas-job-40s-guide,expat-vs-local-hire,overseas-job-salary,thailand-job-complete-guide,vietnam-job-complete-guide"
"7711","overseas-job-new-graduate","新卒で海外就職は可能？2026年完全ガイド【国別・成功事例・準備チェックリスト】","5","overseas-job-without-english,overseas-job-inexperienced,overseas-job-engineer-guide,thailand-job-complete-guide,vietnam-job-complete-guide"
"8125","vietnam-accounting-job-guide-2026","ベトナム経理・会計職求人完全ガイド2026【年収・資格要件・採用動向】","5","vietnam-job-complete-guide,vietnam-hochiminh-living-cost,overseas-job-accounting,uscpa-career-guide,overseas-recruitment-agent"
"8126","vietnam-hr-admin-job-guide-2026","ベトナム人事・総務職求人完全ガイド2026【年収・スキル要件・採用動向】","5","vietnam-job-complete-guide,vietnam-hochiminh-living-cost,overseas-job-hr,vietnam-labor-law,overseas-recruitment-agent"
"8124","vietnam-sales-job-guide-2026","ベトナム営業職求人完全ガイド2026【業界別年収・スキル要件・採用動向】","5","vietnam-job-complete-guide,vietnam-hochiminh-living-cost,overseas-job-sales,hanoi-job-guide,overseas-recruitment-agent"
"8122","thailand-hr-admin-job-guide-2026","タイ人事・総務職求人完全ガイド2026【年収・スキル要件・採用動向】","5","thailand-job-complete-guide,thailand-bangkok-living-cost,overseas-job-hr,thailand-labor-law,overseas-recruitment-agent"
"1509","hanoi-pho-restaurants-guide","【ハノイのおすすめフォーレストラン5選！】超有名店からローカルレストランまで","5","%e3%83%8f%e3%83%8e%e3%82%a4%e3%81%a7%e6%9c%80%e5%88%9d%e3%81%ab%e8%a1%8c%e3%81%8f%e3%81%b9%e3%81%8d%e3%83%95%e3%82%a9%e3%83%bc%e3%81%ae%e3%81%8a%e5%ba%97%ef%bc%81%e3%80%8epho-thin%ef%bc%88%e3%83%95,%e3%83%8f%e3%83%8e%e3%82%a4%e3%81%ae%e6%9c%89%e5%90%8d%e3%83%95%e3%82%a9%e3%83%bc%e3%83%ac%e3%82%b9%e3%83%88%e3%83%a9%e3%83%b3%e3%80%8epho-gia-truyen%ef%bc%88%e3%83%95%e3%82%a9%e3%83%bc%e3%83%bb,%e3%83%8f%e3%83%8e%e3%82%a4%e3%81%ae%e3%83%95%e3%82%a9%e3%83%bc%e3%83%bb%e3%82%ac%e3%83%bc%e5%b0%82%e9%96%80%e5%ba%97%e3%80%8emai-anh%ef%bc%88%e3%83%9e%e3%82%a4%e3%83%bb%e3%82%a2%e3%82%a4%e3%83%b3,chua-lang%e9%80%9a%e3%82%8a%e3%81%ae%e8%8b%a5%e8%80%85%e3%81%a7%e8%b3%91%e3%82%8f%e3%81%86%e3%83%ad%e3%83%bc%e3%82%ab%e3%83%ab%e3%83%ac%e3%82%b9%e3%83%88%e3%83%a9%e3%83%b3%e3%80%8ehoang-tung%e3%80%8f,%e3%82%ad%e3%83%b3%e3%83%9e%e3%83%bc%e9%80%9a%e3%82%8a%e3%81%ae%e3%83%95%e3%82%a9%e3%83%bc%e3%83%ac%e3%82%b9%e3%83%88%e3%83%a9%e3%83%b3%e3%80%8epho-bo-ly-quoc-su%e3%80%8f"
"8121","thailand-accounting-job-guide-2026","タイ経理・会計職求人完全ガイド2026【年収・資格要件・採用動向】","5","thailand-job-complete-guide,thailand-bangkok-living-cost,overseas-job-accounting,uscpa-career-guide,overseas-recruitment-agent"
"7732","malaysia-job-complete-guide","マレーシア転職完全ガイド2026【求人・給与・ビザ・生活費を徹底解説】","6","overseas-job-salary-guide,expat-vs-local-hire,singapore-job-complete-guide,thailand-job-complete-guide,vietnam-job-complete-guide,overseas-job-without-english"
"8321","thailand-remote-work-job-guide-2026","タイでリモートワーク求人の探し方2026｜在宅勤務・ハイブリッド勤務完全ガイド","6","thailand-job-complete-guide,thailand-job-japanese-guide,thailand-it-job-guide-2026,thailand-personal-income-tax-guide-2026,bangkok-job-guide,chiangmai-jobs-career-guide-2026"
"8323","thailand-japan-tax-treaty-guide-2026","タイと日本の租税条約解説2026｜二重課税防止の完全ガイド","6","thailand-job-complete-guide,thailand-personal-income-tax-guide-2026,thailand-visa-work-permit-guide-2026,thailand-foreign-worker-legal-guide-2026,thailand-salary-guide-2026,thailand-social-security-guide-2026"
"8270","vietnam-hospitals-medical-facilities-guide-2026","ベトナムの病院・医療機関ガイド｜日本語対応病院一覧【2026年最新版】","6","vietnam-job-complete-guide,vietnam-living-cost-guide,vietnam-social-security-guide-2026,vietnam-health-insurance-guide-2026,vietnam-salary-guide-2026,hanoi-residential-area-guide-2026"
"8322","thailand-foreign-worker-legal-guide-2026","タイで外国人が働く際の法的注意点2026｜e-Work Permit・禁止職種・罰則完全ガイド","6","thailand-job-complete-guide,thailand-visa-work-permit-guide-2026,thailand-labor-law-employer-guide-2025,thailand-dismissal-regulations-guide-2026,thailand-b-visa-application-guide-2026,thailand-personal-income-tax-guide-2026"
"7730","singapore-job-complete-guide","シンガポール転職完全ガイド2026【求人・給与・EP/Sパス・生活費を徹底解説】","6","overseas-job-salary-guide,expat-vs-local-hire,malaysia-job-complete-guide,thailand-job-complete-guide,vietnam-job-complete-guide,overseas-job-agent-comparison"
"8003","vietnam-japanese-companies-2026","【2026年版】ベトナム日系企業動向｜進出状況・業種別分析・転職市場","6","vietnam-labor-law-employment-guide,vietnam-labor-law-employment-guide,vietnam-labor-law-employment-guide,vietnam-minimum-wage-2026,vietnam-job-guide,vietnam-cost-of-living"
"8024","vietnam-foreign-employment-regulations-2026","ベトナム外国人雇用規制ガイド2026【転職者向け】労働許可証・ビザ・必要書類を徹底解説","6","vietnam-minimum-wage-2026,vietnam-labor-law-employment-guide,vietnam-minimum-wage-2026,vietnam-job-complete-guide,vietnam-living-cost-guide,vietnam-japanese-companies-2026"
"7376","vietnam-souvenirs-guide","【2026最新】ベトナムのお土産Top18 ～ばらまき用から個人用までご紹介！～","6","%E3%83%9B%E3%83%BC%E3%83%81%E3%83%9F%E3%83%B3%E3%81%AE%E3%81%8A%E3%81%99%E3%81%99%E3%82%81%E3%81%8A%E5%9C%9F%E7%94%A3,%E3%83%8F%E3%83%8E%E3%82%A4%E3%81%AE%E3%81%8A%E5%9C%9F%E7%94%A3,%E3%83%99%E3%83%88%E3%83%8A%E3%83%A0%E3%81%AE%E3%83%93%E3%83%BC%E3%83%AB,%E3%83%9B%E3%83%BC%E3%83%81%E3%83%9F%E3%83%B3%E3%83%81%E3%83%A7%E3%82%B3%E3%83%AC%E3%83%BC%E3%83%88,%E3%83%8F%E3%83%8E%E3%82%A4%E3%81%AE%E3%81%8A%E3%81%99%E3%81%99%E3%82%81%E3%82%B9%E3%83%BC%E3%83%91%E3%83%BC%E3%83%9E%E3%83%BC%E3%82%B1%E3%83%83%E3%83%88,internship"
"8230","thailand-expat-vs-local-hire-salary-2026","タイ現地採用と駐在員の給料比較｜年収・手当・待遇の違いを徹底解説【2026年版】","6","thailand-salary-guide-2026,thailand-job-complete-guide,thailand-bangkok-living-cost,thailand-personal-income-tax-guide-2026,thailand-social-security-guide-2026,expat-vs-local-hire"
"8034","thailand-boi-investment-incentives-2026","タイBOI投資恩典完全ガイド2026【法人税免除・関税免除の活用法】","6","thailand-eec-investment-guide-2025,thailand-eec-investment-guide-2025,thailand-labor-law-employer-guide-2025,thailand-japanese-companies-automotive-2026,thailand-minimum-wage-2025,thailand-foreign-employment-regulations"
"8229","thailand-salary-guide-2026","タイ転職の年収相場2026年版｜職種別・経験年数別の給与完全ガイド","6","thailand-job-complete-guide,thailand-bangkok-living-cost,thailand-personal-income-tax-guide-2026,thailand-social-security-guide-2026,thailand-visa-work-permit-guide-2026,expat-vs-local-hire"
"8324","thailand-japan-economic-partnership-2026","タイ日本経済連携の最新状況【2026年版】投資・貿易・雇用の最前線","7","thailand-job-complete-guide,thailand-economy-outlook-2026,thailand-japanese-company-ranking-2026,thailand-ev-industry-job-guide-2026,thailand-manufacturing-job-guide-2026,thailand-boi-investment-incentives-2026,thailand-japan-tax-treaty-guide-2026"
"7676","thailand-bangkok-living-cost","【2026年最新】タイ・バンコクの生活費｜日本人が暮らす実際の費用を公開","7","thailand-job-complete-guide,bangkok-job-guide,thailand-job-japanese-guide,expatriate-vs-local-hire,thailand-job-complete-guide,bangkok-job-guide,thailand-minimum-wage-guide-2025"
"8269","vietnam-health-insurance-guide-2026","ベトナムの医療保険完全ガイド｜社会保険・民間保険・選び方【2026年最新版】","7","vietnam-job-complete-guide,vietnam-living-cost-guide,vietnam-social-security-guide-2026,vietnam-hospital-guide,vietnam-hospitals-medical-facilities-guide-2026,vietnam-salary-guide-2026,hochiminh-residential-area-guide-2026"
"7726","vietnam-job-complete-guide","ベトナム転職完全ガイド【2026年最新】ホーチミン・ハノイで働くための全知識","7","hanoi-job-guide,hochiminh-job-guide,vietnam-japanese-company-guide,vietnam-living-cost-guide,vietnam-minimum-wage-2026,vietnam-recruitment-agencies-2026,overseas-salary"
"7721","thailand-job-complete-guide","タイ転職完全ガイド【2026年最新】バンコクで働くための全知識","7","bangkok-job-guide,thailand-job-japanese-guide,thailand-bangkok-living-cost,thailand-visa-work-permit-guide-2026,thailand-minimum-wage-guide-2025,thailand-recruitment-agencies-2026,overseas-salary"
"7715","vietnam-living-cost-guide","ベトナム生活費完全ガイド【2026年最新】日本人駐在員・現地採用の実態を徹底解説","8","vietnam-job-complete-guide,hochiminh-job-guide,hanoi-job-guide,vietnam-japanese-company-benefits,vietnam-job-complete-guide,hanoi-job-guide,hochiminh-job-guide,vietnam-minimum-wage-2026"
"8009","thailand-eec-investment-guide-2025","【2025-2026年版】タイEEC（東部経済回廊）投資ガイド｜日系企業向け完全解説","8","thailand-job-guide,thailand-labor-law-employer-guide-2025,thailand-minimum-wage-2025,thailand-foreign-employment-regulations-2025,thailand-job-guide,thailand-labor-law-employer-guide-2025,thailand-minimum-wage-2025,thailand-foreign-employment-regulations-2025"
"8008","thailand-labor-law-employer-guide-2025","【2025-2026年版】タイ労働法ガイド｜人事・採用担当者向け完全解説","8","thailand-foreign-employment-regulations-2025,thailand-minimum-wage-2025,thailand-foreign-employment-regulations-2025,thailand-minimum-wage-2025,thailand-minimum-wage-2025,thailand-minimum-wage-2025,thailand-foreign-employment-regulations-2025,thailand-job-guide"
"8119","thailand-it-job-guide-2026","タイIT求人完全ガイド2026【職種別年収・スキル要件・採用動向】","9","thailand-income-tax-guide-2026,thailand-visa-work-permit-guide-2026,thailand-bangkok-living-cost,expat-vs-local-hire,thailand-job-complete-guide,thailand-bangkok-living-cost,thailand-visa-work-permit-guide-2026,overseas-job-engineer,bangkok-job-guide"
"8123","vietnam-it-job-guide-2026","ベトナムIT求人完全ガイド2026【職種別年収・スキル要件・採用動向】","9","vietnam-income-tax-guide-2026,vietnam-work-permit-guide-2026,vietnam-living-cost-guide,vietnam-job-complete-guide,vietnam-living-cost-guide,vietnam-work-permit-guide-2026,overseas-job-engineer,hanoi-job-guide,hochiminh-job-guide"
"7997","thailand-minimum-wage-guide-2025","【2025-2026年版】タイ最低賃金完全ガイド｜改定内容・地域別一覧・日系企業への影響","10","thailand-labor-law-employer-guide-2025,thailand-foreign-employment-regulations-2025,thailand-labor-law-employer-guide-2025,thailand-foreign-employment-regulations-2025,thailand-job-complete-guide,thailand-bangkok-living-cost,thailand-job-complete-guide,thailand-labor-law-employer-guide-2025,thailand-visa-work-permit-guide-2026,bangkok-job-guide"
"8005","thailand-visa-work-permit-guide-2026","タイ就労ビザ・ワークパーミット完全ガイド【2026年最新】","11","thailand-minimum-wage-guide-2025,thailand-labor-law-employer-guide-2025,thailand-minimum-wage-guide-2025,thailand-minimum-wage-guide-2025,thailand-labor-law-employer-guide-2025,thailand-job-guide,bangkok-living-cost,thailand-job-complete-guide,thailand-labor-law-employer-guide-2025,thailand-minimum-wage-guide-2025,bangkok-job-guide"
"7998","vietnam-labor-law-employer-guide-2026","ベトナム労働法・雇用規制ガイド2026【経営者・人事担当者向け】","11","vietnam-minimum-wage-2026,vietnam-foreign-employment-regulations-2026,vietnam-minimum-wage-2026,vietnam-minimum-wage-2026,vietnam-foreign-employment-regulations-2026,vietnam-job-complete-guide,vietnam-japanese-companies-2026,vietnam-job-complete-guide,vietnam-minimum-wage-2026,hanoi-job-guide,hochiminh-job-guide"
"6719","intern-thailand","タイ（バンコク）長期大学生海外インターンシップ募集 2026","12","%e3%81%af%e3%81%98%e3%82%81%e3%81%be%e3%81%97%e3%81%a6%e3%82%a4%e3%83%b3%e3%82%bf%e3%83%bc%e3%83%b3%e7%94%9f%e3%81%ae%e4%b8%89%e6%b5%a6%e3%81%a7%e3%81%99%e3%80%82,%e3%81%af%e3%81%98%e3%82%81%e3%81%be%e3%81%97%e3%81%a6%e3%82%a4%e3%83%b3%e3%82%bf%e3%83%bc%e3%83%b3%e7%94%9f%e3%81%ae%e4%b8%89%e6%b5%a6%e3%81%a7%e3%81%99%e3%80%82,%e3%81%af%e3%81%98%e3%82%81%e3%81%be%e3%81%97%e3%81%a6%e3%82%a4%e3%83%b3%e3%82%bf%e3%83%bc%e3%83%b3%e7%94%9f%e3%81%ae%e4%b8%89%e6%b5%a6%e3%81%a7%e3%81%99%e3%80%82,%e3%82%a4%e3%83%b3%e3%82%bf%e3%83%bc%e3%83%b3%e7%94%9f%e3%81%ae%e6%b8%85%e6%b0%b4%e3%81%a7%e3%81%99%ef%bc%81,%e3%82%a4%e3%83%b3%e3%82%bf%e3%83%bc%e3%83%b3%e7%94%9f%e3%81%ae%e6%b8%85%e6%b0%b4%e3%81%a7%e3%81%99%ef%bc%81,%e3%82%a4%e3%83%b3%e3%82%bf%e3%83%bc%e3%83%b3%e7%94%9f%e3%81%ae%e6%b8%85%e6%b0%b4%e3%81%a7%e3%81%99%ef%bc%81,%e5%88%9d%e3%82%81%e3%81%be%e3%81%97%e3%81%a6%e3%80%82,%e5%88%9d%e3%82%81%e3%81%be%e3%81%97%e3%81%a6%e3%80%82,%e5%88%9d%e3%82%81%e3%81%be%e3%81%97%e3%81%a6%e3%80%82,%e5%88%9d%e3%82%81%e3%81%be%e3%81%97%e3%81%a6%ef%bc%81%e3%82%a4%e3%83%b3%e3%82%bf%e3%83%bc%e3%83%b3%e3%81%ae%e5%a0%80%e8%b6%8a%e3%81%a7%e3%81%99%ef%bd%9e%ef%bc%81,%e5%88%9d%e3%82%81%e3%81%be%e3%81%97%e3%81%a6%ef%bc%81%e3%82%a4%e3%83%b3%e3%82%bf%e3%83%bc%e3%83%b3%e3%81%ae%e5%a0%80%e8%b6%8a%e3%81%a7%e3%81%99%ef%bd%9e%ef%bc%81,%e5%88%9d%e3%82%81%e3%81%be%e3%81%97%e3%81%a6%ef%bc%81%e3%82%a4%e3%83%b3%e3%82%bf%e3%83%bc%e3%83%b3%e3%81%ae%e5%a0%80%e8%b6%8a%e3%81%a7%e3%81%99%ef%bd%9e%ef%bc%81"
"3861","internship","【参加費無料・家賃補助】ベトナム長期インターン募集 2026 | キャリアリンク","12","%e3%81%af%e3%81%98%e3%82%81%e3%81%be%e3%81%97%e3%81%a6%e3%82%a4%e3%83%b3%e3%82%bf%e3%83%bc%e3%83%b3%e7%94%9f%e3%81%ae%e4%b8%89%e6%b5%a6%e3%81%a7%e3%81%99%e3%80%82,%e3%81%af%e3%81%98%e3%82%81%e3%81%be%e3%81%97%e3%81%a6%e3%82%a4%e3%83%b3%e3%82%bf%e3%83%bc%e3%83%b3%e7%94%9f%e3%81%ae%e4%b8%89%e6%b5%a6%e3%81%a7%e3%81%99%e3%80%82,%e3%81%af%e3%81%98%e3%82%81%e3%81%be%e3%81%97%e3%81%a6%e3%82%a4%e3%83%b3%e3%82%bf%e3%83%bc%e3%83%b3%e7%94%9f%e3%81%ae%e4%b8%89%e6%b5%a6%e3%81%a7%e3%81%99%e3%80%82,%e3%82%a4%e3%83%b3%e3%82%bf%e3%83%bc%e3%83%b3%e7%94%9f%e3%81%ae%e6%b8%85%e6%b0%b4%e3%81%a7%e3%81%99%ef%bc%81,%e3%82%a4%e3%83%b3%e3%82%bf%e3%83%bc%e3%83%b3%e7%94%9f%e3%81%ae%e6%b8%85%e6%b0%b4%e3%81%a7%e3%81%99%ef%bc%81,%e3%82%a4%e3%83%b3%e3%82%bf%e3%83%bc%e3%83%b3%e7%94%9f%e3%81%ae%e6%b8%85%e6%b0%b4%e3%81%a7%e3%81%99%ef%bc%81,%e5%88%9d%e3%82%81%e3%81%be%e3%81%97%e3%81%a6%e3%80%82,%e5%88%9d%e3%82%81%e3%81%be%e3%81%97%e3%81%a6%e3%80%82,%e5%88%9d%e3%82%81%e3%81%be%e3%81%97%e3%81%a6%e3%80%82,%e5%88%9d%e3%82%81%e3%81%be%e3%81%97%e3%81%a6%ef%bc%81%e3%82%a4%e3%83%b3%e3%82%bf%e3%83%bc%e3%83%b3%e3%81%ae%e5%a0%80%e8%b6%8a%e3%81%a7%e3%81%99%ef%bd%9e%ef%bc%81,%e5%88%9d%e3%82%81%e3%81%be%e3%81%97%e3%81%a6%ef%bc%81%e3%82%a4%e3%83%b3%e3%82%bf%e3%83%bc%e3%83%b3%e3%81%ae%e5%a0%80%e8%b6%8a%e3%81%a7%e3%81%99%ef%bd%9e%ef%bc%81,%e5%88%9d%e3%82%81%e3%81%be%e3%81%97%e3%81%a6%ef%bc%81%e3%82%a4%e3%83%b3%e3%82%bf%e3%83%bc%e3%83%b3%e3%81%ae%e5%a0%80%e8%b6%8a%e3%81%a7%e3%81%99%ef%bd%9e%ef%bc%81"
