URL,前回のクロール
https://kyujin.careerlink.asia/blog/ホーチミンのおすすめ日本食ランチ3選/,2026-01-13
https://kyujin.careerlink.asia/thailand/仕事情報/itアプリケーションプロジェクトコーディネーター/2866700,2026-01-13
https://kyujin.careerlink.asia/vietnam/仕事情報/「国際舞台で活躍！日本企業向け高度人材紹介営業スタッフ募集」/2866088,2026-01-13
https://kyujin.careerlink.asia/thailand/仕事情報/webコンテンツマネージャ（邦人向け現地情報ポータルサイト）/2866007,2026-01-13
https://kyujin.careerlink.asia/vietnam/仕事情報/海外で小学校教員として活躍！ハノイで小学校教諭募集/2866306,2026-01-13
https://kyujin.careerlink.asia/thailand/仕事情報/営業-商社-原材料/2866305,2026-01-13
https://kyujin.careerlink.asia/vietnam/仕事情報/デザイングループ-マネージャー候補-インテリア製品/2866423,2026-01-13
https://kyujin.careerlink.asia/blog/はじめましてインターン生の三浦です。/,2026-01-13
https://kyujin.careerlink.asia/blog/internship/,2026-01-13
https://kyujin.careerlink.asia/vietnam/仕事情報/女性活躍中！ハノイ近郊勤務でaseanへ出張もこなす業界未経験可能な営業職-化学品製造/2866014,2026-01-13
https://kyujin.careerlink.asia/blog/ベトナムの郵便番号/,2026-01-13
https://kyujin.careerlink.asia/thailand/仕事情報/営業（オートリース）チョンブリ支店/1432088,2026-01-13
https://kyujin.careerlink.asia/vietnam/仕事情報/会計・税務経験者歓迎！ベトナム拠点での顧客開拓ポジション/2866653,2026-01-13
https://kyujin.careerlink.asia/blog/for-japanese-leaners/,2026-01-13
https://kyujin.careerlink.asia/,2026-01-13
https://kyujin.careerlink.asia/blog/ダナンおすすめの高級5つ星ホテル/,2026-01-13
https://kyujin.careerlink.asia/vietnam/仕事情報/bse（web開発-受注）/2866146,2026-01-13
https://kyujin.careerlink.asia/blog/ハノイのおすすめスーパーマーケット/,2026-01-13
https://kyujin.careerlink.asia/vietnam/仕事情報/建築設計技術者（日本人）/1193212,2026-01-13
https://kyujin.careerlink.asia/blog/パソコンでベトナム語入力/,2026-01-13
https://kyujin.careerlink.asia/vietnam,2026-01-13
https://kyujin.careerlink.asia/blog/予約が取れないと噂の「寿司酒場-きよ田」へ行っ/,2026-01-13
https://kyujin.careerlink.asia/blog/ホーチミン市内で国際交流ができるイベントまと/,2026-01-13
https://kyujin.careerlink.asia/job/list?page=4,2026-01-12
https://kyujin.careerlink.asia/thailand/job/list?page=25411,2026-01-12
https://kyujin.careerlink.asia/singapore/シンガポールの労働事情part1,2026-01-12
https://kyujin.careerlink.asia/blog/パラワン島おすすめの高級5つ星ホテル/,2026-01-12
https://kyujin.careerlink.asia/blog/tag/ホイアン旅行/,2026-01-12
https://kyujin.careerlink.asia/vietnam/仕事情報/プロジェクトマネージャー-it/2374452,2026-01-12
https://kyujin.careerlink.asia/blog/ベトナム料理/,2026-01-12
https://kyujin.careerlink.asia/blog/ベトナムの宗教/,2026-01-12
https://kyujin.careerlink.asia/blog/224/,2026-01-12
https://kyujin.careerlink.asia/blog/ハノイの安全野菜宅配サービス「しゅん」/,2026-01-12
https://kyujin.careerlink.asia/vietnam/仕事情報/未経験可・内装設計・施工コーディネーター（日系企業／顧客対応）/2866722,2026-01-12
https://kyujin.careerlink.asia/singapore/就職情報/singapore-life,2026-01-12
https://kyujin.careerlink.asia/vietnam/仕事情報/p/ハノイ/HN,2026-01-12
https://kyujin.careerlink.asia/利用規約,2026-01-12
https://kyujin.careerlink.asia/vietnam/ベトナム生活情報/Vietnam-ArrivalVisa,2026-01-12
https://kyujin.careerlink.asia/blog/timoの口座開設/,2026-01-12
https://kyujin.careerlink.asia/thailand/仕事情報/カスタマーサクセスグループリーダー（it事業企画）/2866701,2026-01-12
https://kyujin.careerlink.asia/仕事情報/c/営業・企画営業（法人向け）/155?page=3,2026-01-12
https://kyujin.careerlink.asia/thailand/仕事情報/itプロダクトプランニング・アセスメント担当/2866702,2026-01-12
https://kyujin.careerlink.asia/vietnam/仕事情報/【社員寮も完備】工場の設備保全部門-マネージャー候補/2866733,2026-01-12
https://kyujin.careerlink.asia/thailand/仕事情報/【語学不問-バンコク中心地での勤務】経理マネージャ-会計会社/2866531,2026-01-12
https://kyujin.careerlink.asia/blog/わかると便利！-grabの使い方/,2026-01-12
https://kyujin.careerlink.asia/vietnam/仕事情報/経験より意欲重視！日系製造企業での生産管理×品質管理ポジション/2866530,2026-01-12
https://kyujin.careerlink.asia/thailand/ThaiLabourLaw/Foreigner,2026-01-12
https://kyujin.careerlink.asia/job/list,2026-01-11
https://kyujin.careerlink.asia/blog/ホーチミンのおすすめスーパーマーケット/,2026-01-11
https://kyujin.careerlink.asia/blog/ジョホールバルおすすめの高級ホテル/,2026-01-11
https://kyujin.careerlink.asia/vietnam/仕事情報/【文系の人も応募可】ベトナム北部担当-営業スタッフ（産業機械）/2866731,2026-01-11
https://kyujin.careerlink.asia/thailand/仕事情報/web制作ディレクター/2866694,2026-01-11
https://kyujin.careerlink.asia/thailand/job/list?page=25409,2026-01-11
https://kyujin.careerlink.asia/vietnam/仕事情報/空調衛生設備エンジニア/2598095,2026-01-11
https://kyujin.careerlink.asia/blog/ベトナムでchatgptを使う/,2026-01-11
https://kyujin.careerlink.asia/blog/ベトナムホーチミンのオススメ夜景スポット-４選/,2026-01-11
https://kyujin.careerlink.asia/blog/マラッカおすすめの高級5つ星ホテル/,2026-01-11
https://kyujin.careerlink.asia/thailand/job/list?page=25408,2026-01-11
https://kyujin.careerlink.asia/thailand/仕事情報/コールセンターオペレーター/2866322,2026-01-11
https://kyujin.careerlink.asia/blog/日本人に大人気のスーパー、ハノイの富分に行っ/,2026-01-11
https://kyujin.careerlink.asia/blog/フードデリバリーアプリ/,2026-01-11
https://kyujin.careerlink.asia/thailand/job/list?page=25407,2026-01-11
https://kyujin.careerlink.asia/blog/ホーチミンのフォトジェニックなおしゃれなカフ/,2026-01-11
https://kyujin.careerlink.asia/blog/どう過ごす！？南国ホーチミンのクリスマス/,2026-01-11
https://kyujin.careerlink.asia/thailand/job/list?page=25406,2026-01-11
https://kyujin.careerlink.asia/blog/ヤギの焼肉/,2026-01-11
https://kyujin.careerlink.asia/お問い合わせ,2026-01-11
https://kyujin.careerlink.asia/blog/ホーチミンで行っておきたいフォーレストラン/,2026-01-11
https://kyujin.careerlink.asia/blog/ダラットおすすめホテル/,2026-01-11
https://kyujin.careerlink.asia/blog/ベトナム語/,2026-01-11
https://kyujin.careerlink.asia/blog/ハノイの有名フォーレストラン『pho-gia-truyen（フォー・/,2026-01-11
https://kyujin.careerlink.asia/thailand/仕事情報/営業（機械商社）/2866739,2026-01-11
https://kyujin.careerlink.asia/blog/日本とベトナムって何が違うの？？？/,2026-01-11
https://kyujin.careerlink.asia/vietnam/仕事情報/【新規開業のクリニックでの募集】日本人-内科医/2866628,2026-01-11
https://kyujin.careerlink.asia/blog/ムイネーおすすめの高級ホテル/,2026-01-11
https://kyujin.careerlink.asia/blog/ハノイのビンコムセンター/,2026-01-11
https://kyujin.careerlink.asia/blog/ホーチミンスパ/,2026-01-11
https://kyujin.careerlink.asia/blog/ハノイのおすすめフォーレストラン5選/,2026-01-11
https://kyujin.careerlink.asia/blog/ベトナムみやげ-シルク/,2026-01-11
https://kyujin.careerlink.asia/blog/ハノイ・ビッグc/,2026-01-11
https://kyujin.careerlink.asia/blog/tag/ハイランズコーヒー/,2026-01-11
https://kyujin.careerlink.asia/blog/タイ-バンコク両替所ナビ/,2026-01-11
https://kyujin.careerlink.asia/blog/ホーチミンのおすすめお土産/,2026-01-11
https://kyujin.careerlink.asia/vietnam/仕事情報/製造管理者（品質管理・生産管理-縫製）/2866537,2026-01-11
https://kyujin.careerlink.asia/blog/ベトナム北端のハザン/,2026-01-11
https://kyujin.careerlink.asia/blog/ブンタウおすすめの高級ホテル/,2026-01-11
https://kyujin.careerlink.asia/jobseeker/register,2026-01-11
https://kyujin.careerlink.asia/blog/レンタルro浄水器/,2026-01-10
https://kyujin.careerlink.asia/blog/ハノイおすすめカフェ12選/,2026-01-10
https://kyujin.careerlink.asia/blog/ハノイのテーマパーク『バオソンパラダイス』に/,2026-01-10
https://kyujin.careerlink.asia/blog/ブンチャーハノイ/,2026-01-10
https://kyujin.careerlink.asia/vietnam/仕事情報/c/cadオペレーター（建築）・製図/165,2026-01-10
https://kyujin.careerlink.asia/blog/ホーチミン市完全個室接待の店春夏冬/,2026-01-10
https://kyujin.careerlink.asia/blog/ホーチミンのハロウィンを満喫してきました/,2026-01-10
https://kyujin.careerlink.asia/blog/ベトナム女性の日/,2026-01-10
https://kyujin.careerlink.asia/vietnam/仕事情報/【インテリアデザインの経験者歓迎、福利厚生も充実】家具デザイナー-リーダー候補/2866738,2026-01-10
https://kyujin.careerlink.asia/indonesia/仕事情報/c/ホテル・宿泊施設サービス/163,2026-01-10
https://kyujin.careerlink.asia/blog/tag/ウォルドルフ-アストリア/,2026-01-10
https://kyujin.careerlink.asia/blog/ホーチミンのお薦めサービスアパート10選/,2026-01-10
https://kyujin.careerlink.asia/blog/学生インターンシップ募集要項-2019/,2026-01-10
https://kyujin.careerlink.asia/thailand/job/list?page=25025,2026-01-10
https://kyujin.careerlink.asia/blog/tag/戦争証跡博物館/,2026-01-10
https://kyujin.careerlink.asia/blog/ファンティエットおすすめの高級ホテル/,2026-01-10
https://kyujin.careerlink.asia/vietnam/仕事情報/営業アシスタントマネージャー-韓国企業向け/2029140,2026-01-10
https://kyujin.careerlink.asia/vietnam/仕事情報/c/施工管理・設備・環境保全/168,2026-01-10
https://kyujin.careerlink.asia/vietnam/仕事情報/施工管理-総合建設業/2722854,2026-01-10
https://kyujin.careerlink.asia/thailand/コラム/タイの工業団地（１）,2026-01-10
https://kyujin.careerlink.asia/indonesia/job/list,2026-01-10
https://kyujin.careerlink.asia/blog/タイ・チェンマイでコスパのいいホテル8選/,2026-01-10
https://kyujin.careerlink.asia/blog/ハノイタイ湖周辺観光地/,2026-01-10
https://kyujin.careerlink.asia/vietnam/仕事情報/サービス管理マネージャー（高級飲食店）/2865892,2026-01-10
https://kyujin.careerlink.asia/blog/ベトナムおすすめのvpn/,2026-01-10
https://kyujin.careerlink.asia/blog/ジャカルタおすすめの高級5つ星ホテル/,2026-01-10
https://kyujin.careerlink.asia/blog/ハノイのおすすめ高級5つ星ホテル/,2026-01-10
https://kyujin.careerlink.asia/仕事情報/c/通訳・翻訳/179,2026-01-10
https://kyujin.careerlink.asia/vietnam/仕事情報/【社員寮も完備】インテリア用生地の織り編み-セクションマネージャー候補/2866734,2026-01-10
https://kyujin.careerlink.asia/thailand/job/list?page=25027,2026-01-09
https://kyujin.careerlink.asia/blog/ヤンゴンておすすめの高級5つ星ホテル/,2026-01-09
https://kyujin.careerlink.asia/blog/japanese-teacher-internship/,2026-01-09
https://kyujin.careerlink.asia/blog/tag/ベトナム観光/,2026-01-09
https://kyujin.careerlink.asia/vietnam/仕事情報/c/品質管理または品質保証/181,2026-01-09
https://kyujin.careerlink.asia/vietnam/仕事情報/c/教育-訓練-日本語教師/204,2026-01-09
https://kyujin.careerlink.asia/blog/tag/自己紹介/,2026-01-09
https://kyujin.careerlink.asia/blog/tag/牛肉のフォー/,2026-01-09
https://kyujin.careerlink.asia/cambodia/コラム,2026-01-09
https://kyujin.careerlink.asia/blog/コタキナバルおすすめの高級5つ星ホテル/,2026-01-09
https://kyujin.careerlink.asia/blog/ホーチミン市・浄水器のしゅん/,2026-01-09
https://kyujin.careerlink.asia/blog/tag/チャトゥチャック・ウィークエンド・マーケット/,2026-01-09
https://kyujin.careerlink.asia/blog/ベトナムのビール/,2026-01-09
https://kyujin.careerlink.asia/indonesia/仕事情報/c/経営幹部（ceo・cfo・coo等）/159,2026-01-09
https://kyujin.careerlink.asia/philippines/就職情報/雇用許可証,2026-01-09
https://kyujin.careerlink.asia/blog/ホーチミンのおすすめファッションビル/,2026-01-09
https://kyujin.careerlink.asia/blog/マレーシアの郵便番号/,2026-01-09
https://kyujin.careerlink.asia/blog/ホーチミンでアオザイ体験/,2026-01-09
https://kyujin.careerlink.asia/blog/tag/ベトナムフォー/,2026-01-09
https://kyujin.careerlink.asia/blog/タイ語を習おう/,2026-01-09
https://kyujin.careerlink.asia/blog/クアラルンプールおすすめの高級5つ星ホテル/,2026-01-09
https://kyujin.careerlink.asia/vietnam/ベトナム生活情報/Vietnam-Evisa,2026-01-09
https://kyujin.careerlink.asia/blog/バンコク・タイ語教室/,2026-01-09
https://kyujin.careerlink.asia/blog/イポーおすすめの高級ホテル/,2026-01-09
https://kyujin.careerlink.asia/vietnam/仕事情報/sales-staff-system-and-network-integrator/1745857,2026-01-09
https://kyujin.careerlink.asia/blog/ペナンおすすめの高級5つ星ホテル/,2026-01-09
https://kyujin.careerlink.asia/blog/日本でベトナム人外国労働者を採用する方法/,2026-01-09
https://kyujin.careerlink.asia/blog/ベトナム日本国大使館/,2026-01-09
https://kyujin.careerlink.asia/cambodia/コラム/カンボジア史（２）,2026-01-09
https://kyujin.careerlink.asia/blog/tag/コスパホテル/,2026-01-09
https://kyujin.careerlink.asia/blog/香港おすすめの高級5つ星ホテル/,2026-01-09
https://kyujin.careerlink.asia/blog/tag/ベトナム旅行/,2026-01-09
https://kyujin.careerlink.asia/thailand/仕事情報/品質保証-担当-金属加工/1742936,2026-01-09
https://kyujin.careerlink.asia/blog/ホーチミン-ラーメンマップ/,2026-01-08
https://kyujin.careerlink.asia/blog/tag/ラディソンブル/,2026-01-08
https://kyujin.careerlink.asia/blog/tag/ベトナム労働許可証/,2026-01-08
https://kyujin.careerlink.asia/blog/ホーチミンで英語学校/,2026-01-08
https://kyujin.careerlink.asia/仕事情報/c/営業・企画営業（法人向け）/155,2026-01-08
https://kyujin.careerlink.asia/blog/ニャチャンおすすめの高級5つ星ホテル/,2026-01-08
https://kyujin.careerlink.asia/thailand/就職情報/労働許可証,2026-01-08
https://kyujin.careerlink.asia/blog/tag/海外インターン/,2026-01-08
https://kyujin.careerlink.asia/blog/本場中華が食べられる！ホーチミンの中華街、チ/,2026-01-08
https://kyujin.careerlink.asia/blog/tag/フォーシーズンズ/,2026-01-08
https://kyujin.careerlink.asia/thailand/仕事情報/アドバイザリースタッフ（主に会計・総務・人事業務を担当）/2866727,2026-01-08
https://kyujin.careerlink.asia/thailand/仕事情報/p/バンコク/BKK,2026-01-08
https://kyujin.careerlink.asia/blog/ジョグジャカルタおすすめの高級5つ星ホテル/,2026-01-08
https://kyujin.careerlink.asia/malaysia/コラム/マレーシアの労働事情（１）,2026-01-08
https://kyujin.careerlink.asia/blog/tag/スマホ/,2026-01-08
https://kyujin.careerlink.asia/blog/tag/デュシタニ/,2026-01-08
https://kyujin.careerlink.asia/blog/台北ておすすめの高級5つ星ホテル/,2026-01-08
https://kyujin.careerlink.asia/blog/ハノイのお好み焼き/,2026-01-08
https://kyujin.careerlink.asia/blog/ハノイのおすすめショッピングモール/,2026-01-08
https://kyujin.careerlink.asia/blog/hanoi-thaifoods/,2026-01-08
https://kyujin.careerlink.asia/vietnam/仕事情報/営業スタッフ（コンサルタント会社法務部門）/1833586,2026-01-08
https://kyujin.careerlink.asia/blog/tag/タイ人材/,2026-01-08
https://kyujin.careerlink.asia/blog/tag/バーバー/,2026-01-08
https://kyujin.careerlink.asia/vietnam/VietnamLabourLaw/General,2026-01-08
https://kyujin.careerlink.asia/blog/ベトナムみやげ-チョコレート/,2026-01-08
https://kyujin.careerlink.asia/blog/タイ人材紹介会社/,2026-01-08
https://kyujin.careerlink.asia/blog/ベトナム旅行のレンタルwi-fi/,2026-01-08
https://kyujin.careerlink.asia/vietnam/仕事情報/システム開発担当/2327147,2026-01-08
https://kyujin.careerlink.asia/thailand,2026-01-08
https://kyujin.careerlink.asia/blog/フエおすすめの高級5つ星ホテル/,2026-01-08
https://kyujin.careerlink.asia/blog/ホーチミンチョコレート/,2026-01-08
https://kyujin.careerlink.asia/仕事情報/c/飲食-アミューズメント/169,2026-01-08
https://kyujin.careerlink.asia/blog/2018年社員旅行-in-thailand/,2026-01-08
https://kyujin.careerlink.asia/thailand/仕事情報/p/チャチューンサオ/24,2026-01-08
https://kyujin.careerlink.asia/blog/タイのビール/,2026-01-07
https://kyujin.careerlink.asia/blog/ハノイぼてぢゅう/,2026-01-07
https://kyujin.careerlink.asia/blog/ホーチミンのフォー/,2026-01-07
https://kyujin.careerlink.asia/blog/『halei』フットネイル体験ルポ-in-ha-noi/,2026-01-07
https://kyujin.careerlink.asia/仕事情報/c/品質管理または品質保証/181,2026-01-07
https://kyujin.careerlink.asia/thailand/コラム/thai-university-ranking,2026-01-07
https://kyujin.careerlink.asia/vietnam/job/list,2026-01-07
https://kyujin.careerlink.asia/blog/ベトナムのローカル料理！！/,2026-01-07
https://kyujin.careerlink.asia/thailand/仕事情報/c/経理・財務/160,2026-01-07
https://kyujin.careerlink.asia/blog/ミャンマーのビール/,2026-01-07
https://kyujin.careerlink.asia/blog/ベトナムで携帯電話使い方ガイド/,2026-01-07
https://kyujin.careerlink.asia/blog/フィリピンおすすめvpn/,2026-01-07
https://kyujin.careerlink.asia/vietnam/仕事情報/【日本本社採用のチャンス有】営業マネージャー-広告/2866616,2026-01-07
https://kyujin.careerlink.asia/blog/ハノイ・ロッテマート/,2026-01-07
https://kyujin.careerlink.asia/blog/ハノイのケーキ屋/,2026-01-07
https://kyujin.careerlink.asia/thailand/job/list,2026-01-07
https://kyujin.careerlink.asia/thailand/job/list?page=25024,2026-01-07
https://kyujin.careerlink.asia/thailand/仕事情報/【高給優遇】営業（食品業界）/2866611,2026-01-07
https://kyujin.careerlink.asia/仕事情報/p/ホーチミン/HCM?page=489,2026-01-07
https://kyujin.careerlink.asia/blog/tag/インターンシップ/,2026-01-07
https://kyujin.careerlink.asia/thailand/仕事情報/p/チョンブリー/20,2026-01-07
https://kyujin.careerlink.asia/vietnam/仕事情報/c/it/188,2026-01-07
https://kyujin.careerlink.asia/vietnam/就職情報/労働許可証,2026-01-07
https://kyujin.careerlink.asia/blog/tag/フードデリバリー/,2026-01-07
https://kyujin.careerlink.asia/thailand/job/list?page=25405,2026-01-07
https://kyujin.careerlink.asia/blog/ベトナム人のサッカー愛がすごすぎた/,2026-01-07
https://kyujin.careerlink.asia/blog/チャンティエンプラザ/,2026-01-07
https://kyujin.careerlink.asia/thailand/仕事情報/【日本本社登用あり】営業-幹部候補/2866612,2026-01-06
https://kyujin.careerlink.asia/malaysia/malaysia-university-ranking,2026-01-06
https://kyujin.careerlink.asia/thailand/仕事情報/航空貨物カスタマーサービス担当（フルリモートワーク-タイ国内）/2866193,2026-01-06
https://kyujin.careerlink.asia/blog/ソウルおすすめの高級5つ星ホテル/,2026-01-06
https://kyujin.careerlink.asia/vietnam/仕事情報/p/ホーチミン/HCM,2026-01-06
https://kyujin.careerlink.asia/thailand/仕事情報/営業-ファクトリーオートメーション/2436019,2026-01-06
https://kyujin.careerlink.asia/indonesia/コラム/indonesia-university-ranking,2026-01-06
https://kyujin.careerlink.asia/blog/ホーチミン在住者おすすめの高級５つ星ホテル/,2026-01-06
https://kyujin.careerlink.asia/blog/シアヌークビルおすすめの高級5つ星ホテル/,2026-01-06
https://kyujin.careerlink.asia/cambodia/コラム/カンボジア史（１）,2026-01-06
https://kyujin.careerlink.asia/thailand/job/list?page=25020,2026-01-06
https://kyujin.careerlink.asia/thailand/job/list?page=25404,2026-01-06
https://kyujin.careerlink.asia/blog/tag/イオンモール/,2026-01-06
https://kyujin.careerlink.asia/vietnam/仕事情報/【語学不問】日系デジタル広告会社にてシステムディレクター/2866615,2026-01-06
https://kyujin.careerlink.asia/thailand/job/list?page=25019,2026-01-06
https://kyujin.careerlink.asia/blog/駐日ベトナム大使館/,2026-01-06
https://kyujin.careerlink.asia/thailand/仕事情報/営業（物流）/2866726,2026-01-06
https://kyujin.careerlink.asia/blog/マレーシアおすすめのvpn/,2026-01-06
https://kyujin.careerlink.asia/blog/ホーチミンの人気観光地/,2026-01-06
https://kyujin.careerlink.asia/thailand/job/list?page=25018,2026-01-06
https://kyujin.careerlink.asia/blog/tag/ヴィンギエム寺/,2026-01-06
https://kyujin.careerlink.asia/thailand/job/list?page=25403,2026-01-06
https://kyujin.careerlink.asia/thailand/コラム/BangkokRamen-Silom-Saladaeng,2026-01-06
https://kyujin.careerlink.asia/vietnam/仕事情報/セールスマネージャー-ソフトウェア受注開発/2669734,2026-01-06
https://kyujin.careerlink.asia/blog/クラビおすすめの高級５つ星ホテル/,2026-01-06
https://kyujin.careerlink.asia/blog/category/vietnam/vung-tau/,2026-01-06
https://kyujin.careerlink.asia/thailand/仕事情報/秘書-中国語必須-エアコン製造/2008299,2026-01-06
https://kyujin.careerlink.asia/vietnam/就職情報/vietnam-life,2026-01-06
https://kyujin.careerlink.asia/vietnam/仕事情報/金型技術マネージャー/1536286,2026-01-06
https://kyujin.careerlink.asia/blog/category/indonesia/バリ島/,2026-01-06
https://kyujin.careerlink.asia/blog/ホーチミンの会計事務所/,2026-01-06
https://kyujin.careerlink.asia/vietnam/仕事情報/業界未経験可-web制作チームを支えるbrse/2866406,2026-01-06
https://kyujin.careerlink.asia/vietnam/仕事情報/【ベトナム駐在×年2回帰国】縫製技術指導のプロを募集！/2866394,2026-01-06
https://kyujin.careerlink.asia/vietnam/仕事情報/【営業の“卵”を募集】将来はクロージングも！育成前提でしっかりサポート！/2866407,2026-01-06
https://kyujin.careerlink.asia/vietnam/仕事情報/企業と人をつなぐ仕事！人材業界の法人営業スタッフ募集/2866395,2026-01-06
https://kyujin.careerlink.asia/blog/tag/休日/,2026-01-06
https://kyujin.careerlink.asia/vietnam/仕事情報/ホーチミン＆ハノイ勤務｜海外営業職でキャリア形成｜ベトナムでの生活も安心サポート/2866128,2026-01-06
https://kyujin.careerlink.asia/vietnam/仕事情報/精密部品・加工の法人営業｜業界経験不問・培った営業力を即戦力に！/2866501,2026-01-06
https://kyujin.careerlink.asia/vietnam/仕事情報/営業（水処理設備施工）/2866124,2026-01-06
https://kyujin.careerlink.asia/blog/ベトナムの日本語教育/,2026-01-06
https://kyujin.careerlink.asia/vietnam/仕事情報/ベトナム現地採用の製造工場のオフィス管理職！語学・経験よりも信頼できる人柄を重視します！！/2866413,2026-01-06
https://kyujin.careerlink.asia/blog/フォンニャー・ケバン国立公園/,2026-01-06
https://kyujin.careerlink.asia/cambodia/コラム/cambodia-university-ranking,2026-01-06
https://kyujin.careerlink.asia/thailand/job/list?page=25402,2026-01-06
https://kyujin.careerlink.asia/vietnam/仕事情報/駐在員×工場管理！ベトナム製造拠点の統括責任者を募集/2866274,2026-01-06
https://kyujin.careerlink.asia/thailand/仕事情報/海外拠点-管理者候補-会計会社/2148349,2026-01-06
https://kyujin.careerlink.asia/vietnam/仕事情報/日本発のsaas拡販｜急成長中のhrテック企業で営業職！/2866255,2026-01-06
https://kyujin.careerlink.asia/vietnam/仕事情報/拠点マネージャー候補（3dグラフィック）/2866231,2026-01-06
https://kyujin.careerlink.asia/thailand/仕事情報/電気技術者・施工管理（プラント・設備工事）/2001661,2026-01-06
https://kyujin.careerlink.asia/blog/人生で初めてのバーバーをベトナムで食べに行っ/,2026-01-06
https://kyujin.careerlink.asia/blog/chatuchak-market（チャトゥチャック・ウィークエンド・マー/,2026-01-06
https://kyujin.careerlink.asia/indonesia,2026-01-06
https://kyujin.careerlink.asia/vietnam/仕事情報/ゼネコン-設備施工管理者/2779452,2026-01-06
https://kyujin.careerlink.asia/blog/バリ島おすすめの高級5つ星ホテル/,2026-01-06
https://kyujin.careerlink.asia/blog/ベトナムのお土産/,2026-01-06
https://kyujin.careerlink.asia/philippines/就職情報,2026-01-06
https://kyujin.careerlink.asia/vietnam/仕事情報/itソフトウェア開発会社-人事シニアマネージャー/2835025,2026-01-06
https://kyujin.careerlink.asia/vietnam/仕事情報/チアダンス指導員/2866668,2026-01-06
https://kyujin.careerlink.asia/blog/フィリピンのビール/,2026-01-06
https://kyujin.careerlink.asia/thailand/job/list?page=25401,2026-01-05
https://kyujin.careerlink.asia/thailand/コラム/BangkokRamen-Asok-PhromPhong,2026-01-05
https://kyujin.careerlink.asia/thailand/仕事情報/オフィスマネージャ（経理部門の管理）/2866197,2026-01-05
https://kyujin.careerlink.asia/blog/tag/インターン募集/,2026-01-05
https://kyujin.careerlink.asia/thailand/仕事情報/マーケティング担当スタッフ（要中国語、画像処理機器-、制御・計測機器）/1742681,2026-01-05
https://kyujin.careerlink.asia/thailand/コラム/BangkokRamen-Thonglor-Ekamai,2026-01-05
https://kyujin.careerlink.asia/blog/シンガポールおすすめのvpn/,2026-01-05
https://kyujin.careerlink.asia/blog/category/カンボジア/シアヌークビル/,2026-01-05
https://kyujin.careerlink.asia/blog/ホーチミンの若者で賑わうカフェチェーン　phuc-long/,2026-01-05
https://kyujin.careerlink.asia/blog/ハノイで最初に行くべきフォーのお店！『pho-thin（フ/,2026-01-05
https://kyujin.careerlink.asia/thailand/仕事情報/クラウドインフラエンジニア/2866690,2026-01-05
https://kyujin.careerlink.asia/blog/ハノイの日本人向けビジネスホテル/,2026-01-05
https://kyujin.careerlink.asia/blog/tag/郵便番号/,2026-01-05
https://kyujin.careerlink.asia/blog/タイ・バンコクのコスパホテル/,2026-01-05
https://kyujin.careerlink.asia/blog/バンコクのおすすめ5つ星ホテル/,2026-01-05
https://kyujin.careerlink.asia/blog/ホーチミンの年間天気・天気予報サイト/,2026-01-05
https://kyujin.careerlink.asia/blog/tag/ress不動産/,2026-01-05
https://kyujin.careerlink.asia/blog/ハノイのフォー・ガー専門店『mai-anh（マイ・アイン/,2026-01-05
https://kyujin.careerlink.asia/blog/tag/富分/,2026-01-05
https://kyujin.careerlink.asia/blog/ベトナムみやげ-バッチャン焼き/,2026-01-05
https://kyujin.careerlink.asia/blog/tag/特定技能/,2026-01-05
https://kyujin.careerlink.asia/blog/tag/宗教/,2026-01-05
https://kyujin.careerlink.asia/blog/営業マンは歯が命！ベトナムのローカル歯医者へ/,2026-01-05
https://kyujin.careerlink.asia/blog/tag/モベンピック/,2026-01-05
https://kyujin.careerlink.asia/blog/tag/ホテル/page/2/,2026-01-05
https://kyujin.careerlink.asia/blog/シンガポールで有名なおすすめのビール10選/,2026-01-05
https://kyujin.careerlink.asia/blog/category/カンボジア/プノンペン/,2026-01-05
https://kyujin.careerlink.asia/blog/ハノイのバー/,2026-01-05
https://kyujin.careerlink.asia/cambodia/コラム/カンボジアの工業団地,2026-01-05
https://kyujin.careerlink.asia/blog/海外インターン募集/,2026-01-05
https://kyujin.careerlink.asia/vietnam/仕事情報/日系工場向け環境プラント営業職/2866725,2026-01-05
https://kyujin.careerlink.asia/blog/チェンマイおすすめの高級5つ星ホテル/,2026-01-05
https://kyujin.careerlink.asia/malaysia/コラム,2026-01-05
https://kyujin.careerlink.asia/thailand/仕事情報/web編集ライター/2866695,2026-01-05
https://kyujin.careerlink.asia/blog/tag/高級スパ/,2026-01-05
https://kyujin.careerlink.asia/blog/インドネシアおすすめのvpn/,2026-01-05
https://kyujin.careerlink.asia/thailand/仕事情報/web編集ライター/2866300,2026-01-05
https://kyujin.careerlink.asia/blog/tag/unikey/,2026-01-05
https://kyujin.careerlink.asia/blog/ホイアンを散策/,2026-01-05
https://kyujin.careerlink.asia/blog/バンコクの日系ヘアーサロン/,2026-01-05
https://kyujin.careerlink.asia/thailand/仕事情報/オペレーションスタッフ（コールセンター）/2858849,2026-01-05
https://kyujin.careerlink.asia/blog/ハノイイオンモール/,2026-01-05
https://kyujin.careerlink.asia/blog/tag/ファンビッチャン通り/,2026-01-05
https://kyujin.careerlink.asia/thailand/仕事情報/webデザイナー-itシステム開発企業/2310345,2026-01-05
https://kyujin.careerlink.asia/vietnam/仕事情報/法人営業（国際物流）/2265453,2026-01-05
https://kyujin.careerlink.asia/blog/tag/真面目なマッサージ/,2026-01-05
https://kyujin.careerlink.asia/blog/ハノイのお土産/,2026-01-05
https://kyujin.careerlink.asia/blog/tag/ビンコムセンター/,2026-01-05
https://kyujin.careerlink.asia/blog/ホイアンおすすめの高級5つ星ホテル/,2026-01-05
https://kyujin.careerlink.asia/blog/シェムリアップおすすめの高級5つ星ホテル/,2026-01-05
https://kyujin.careerlink.asia/blog/ホーチミンマッサージ/,2026-01-05
https://kyujin.careerlink.asia/blog/tag/nguyen-hue/,2026-01-05
https://kyujin.careerlink.asia/vietnam/ベトナムの最新ニュース/ベトナム人でお仕事をお探しの方へ,2026-01-05
https://kyujin.careerlink.asia/vietnam/仕事情報/営業マネージャー-製紙/2789447,2026-01-05
https://kyujin.careerlink.asia/vietnam/仕事情報/営業-総合建設業/2722837,2026-01-05
https://kyujin.careerlink.asia/blog/【ハノイ】日本語の本（書籍）が読める場所５ヶ/,2026-01-04
https://kyujin.careerlink.asia/blog/プノンペンておすすめの高級5つ星ホテル/,2026-01-04
https://kyujin.careerlink.asia/thailand/仕事情報/副寿司職人/1844983,2026-01-04
https://kyujin.careerlink.asia/blog/ホーチミンイオンモール/,2026-01-04
https://kyujin.careerlink.asia/thailand/コラム/タイの交通事情（地下鉄編）,2026-01-04
https://kyujin.careerlink.asia/vietnam/仕事情報/営業担当者（鉄鋼構造物）/2750921,2026-01-04
https://kyujin.careerlink.asia/thailand/コラム/タイの交通事情（バス・タクシー編）,2026-01-04
https://kyujin.careerlink.asia/singapore/コラム,2026-01-04
https://kyujin.careerlink.asia/blog/tag/デュシット/,2026-01-04
https://kyujin.careerlink.asia/singapore/祝祭日,2026-01-04
https://kyujin.careerlink.asia/thailand/仕事情報/営業-マーケティング（機能性塗料）/2865885,2026-01-04
https://kyujin.careerlink.asia/thailand/仕事情報/日本食居酒屋-店長候補/2167354,2026-01-04
https://kyujin.careerlink.asia/blog/chua-lang通りの若者で賑わうローカルレストラン『hoang-tung』/,2026-01-04
https://kyujin.careerlink.asia/cambodia/仕事情報/営業兼施工管理（内装）/2702328,2026-01-04
https://kyujin.careerlink.asia/vietnam/仕事情報/営業マネージャー-切削工具/2506229,2026-01-04
https://kyujin.careerlink.asia/blog/ハノイ映画館/,2026-01-04
https://kyujin.careerlink.asia/indonesia/仕事情報/塾講師＜jp280724＞/2866593,2026-01-04
https://kyujin.careerlink.asia/blog/初めまして。/,2026-01-04
https://kyujin.careerlink.asia/jobseeker/reset/reset_request,2026-01-04
https://kyujin.careerlink.asia/cambodia/就職情報/祝祭日,2026-01-04
https://kyujin.careerlink.asia/thailand/仕事情報/営業技術-自動車用鍛造部品/2866630,2026-01-04
https://kyujin.careerlink.asia/vietnam/就職情報,2026-01-04
https://kyujin.careerlink.asia/vietnam/仕事情報/it講師（ハノイ勤務）/2771429,2026-01-04
https://kyujin.careerlink.asia/vietnam/仕事情報/p/ホーチミン/HCM?page=2,2026-01-04
https://kyujin.careerlink.asia/blog/ハノイの旧市街おすすめス観光スポット/,2026-01-04
https://kyujin.careerlink.asia/blog/category/生活情報/ショッピングモール/,2026-01-04
https://kyujin.careerlink.asia/blog/初めまして！インターンの堀越です～！/,2026-01-04
https://kyujin.careerlink.asia/キャリアリンク会社概要,2026-01-04
https://kyujin.careerlink.asia/blog/bigbangとラーメンはここベトナムでも大人気！！/,2026-01-04
https://kyujin.careerlink.asia/thailand/仕事情報/アシスタンスコーディネーター（医療系サポート-コールセンター）/1700700,2026-01-04
https://kyujin.careerlink.asia/thailand/タイ生活情報,2026-01-04
https://kyujin.careerlink.asia/blog/チェンライおすすめの高級ホテル/,2026-01-04
https://kyujin.careerlink.asia/blog/tag/スムージー/,2026-01-04
https://kyujin.careerlink.asia/blog/tag/ベトナム語学校/,2026-01-04
https://kyujin.careerlink.asia/blog/ホーチミンおすすめのカフェ/,2026-01-04
https://kyujin.careerlink.asia/indonesia/仕事情報/p/ジャカルタ/JK,2026-01-04
https://kyujin.careerlink.asia/blog/ハノイ韓国料理/,2026-01-04
https://kyujin.careerlink.asia/blog/タイ・バンコクのハッピーアワーを楽しめるルー/,2026-01-04
https://kyujin.careerlink.asia/blog/tag/コンカフェ/,2026-01-04
https://kyujin.careerlink.asia/blog/tag/ベトナム語学習/,2026-01-04
https://kyujin.careerlink.asia/vietnam/job/list?page=70878,2026-01-04
https://kyujin.careerlink.asia/thailand/仕事情報/c/施工管理・設備・環境保全/168,2026-01-03
https://kyujin.careerlink.asia/vietnam/仕事情報/金型エンジニア（精密プラスチック）/1815902,2026-01-03
https://kyujin.careerlink.asia/philippines/コラム/philippines-university-ranking,2026-01-03
https://kyujin.careerlink.asia/vietnam/ベトナム生活情報/ha-noi-search-apartments,2026-01-03
https://kyujin.careerlink.asia/singapore/コラム/シンガポールの工業団地,2026-01-03
https://kyujin.careerlink.asia/vietnam/仕事情報/営業スタッフ-引っ越しサービス/1304091,2026-01-03
https://kyujin.careerlink.asia/jobseeker,2026-01-03
https://kyujin.careerlink.asia/vietnam/ベトナム生活情報/Vietnam-Visa,2026-01-03
https://kyujin.careerlink.asia/thailand/仕事情報/機械技術者・施工管理（プラント・設備工事）/2001637,2026-01-03
https://kyujin.careerlink.asia/blog/クアラルンプールマレー語教室/,2026-01-03
https://kyujin.careerlink.asia/blog/タイおすすめvpn/,2026-01-03
https://kyujin.careerlink.asia/vietnam/仕事情報/工場管理-鋳造/1657579,2026-01-03
https://kyujin.careerlink.asia/blog/category/indonesia/ジョグジャカルタ/,2026-01-03
https://kyujin.careerlink.asia/indonesia/コラム/インドネシアの工業団地,2026-01-03
https://kyujin.careerlink.asia/blog/2021年1月から施行されるベトナム改正労働法/,2026-01-03
https://kyujin.careerlink.asia/blog/tag/ビンマート/,2026-01-03
https://kyujin.careerlink.asia/blog/category/vietnam/ムイネー/,2026-01-03
https://kyujin.careerlink.asia/vietnam/コラム/ベトナムの大学-日越大学,2026-01-03
https://kyujin.careerlink.asia/vietnam/仕事情報/c/コンサルタント/187,2026-01-03
https://kyujin.careerlink.asia/singapore/就職情報/シンガポールについて。,2026-01-03
https://kyujin.careerlink.asia/blog/tag/台風/,2026-01-03
https://kyujin.careerlink.asia/vietnam/コラム?page=2,2026-01-03
https://kyujin.careerlink.asia/vietnam/仕事情報/p/ビンズオン/BD,2026-01-03
https://kyujin.careerlink.asia/vietnam/仕事情報/p/ドンナイ/DNI,2026-01-03
https://kyujin.careerlink.asia/blog/tag/バンコク-ホテルオークラ/,2026-01-03
https://kyujin.careerlink.asia/blog/ベトナム人学生インターンシップに対する意識調/,2026-01-03
https://kyujin.careerlink.asia/vietnam/コラム/ベトナムの工業団地,2026-01-03
https://kyujin.careerlink.asia/blog/ランカウイおすすめの高級5つ星ホテル/,2026-01-03
https://kyujin.careerlink.asia/thailand/仕事情報/会計・財務シニアマネージャ/2866046,2026-01-03
https://kyujin.careerlink.asia/blog/タイの郵便番号/,2026-01-03
https://kyujin.careerlink.asia/blog/tag/ネイルサロン/,2026-01-03
https://kyujin.careerlink.asia/vietnam/仕事情報/phpエンジニア管理スタッフ/1737519,2026-01-03
https://kyujin.careerlink.asia/blog/tag/7区/,2026-01-03
https://kyujin.careerlink.asia/vietnam/仕事情報/技術営業-電気設備-ベトナム/1674242,2026-01-03
https://kyujin.careerlink.asia/blog/tag/チョロン/,2026-01-03
https://kyujin.careerlink.asia/blog/tag/サッカー/,2026-01-03
https://kyujin.careerlink.asia/blog/tag/シンガポール/,2026-01-03
https://kyujin.careerlink.asia/vietnam/仕事情報/建築全般業務-施工管理-積算/2164458,2026-01-03
https://kyujin.careerlink.asia/blog/tag/日本料理/,2026-01-03
https://kyujin.careerlink.asia/vietnam/VietnamLabourLaw/LabourContract,2026-01-03
https://kyujin.careerlink.asia/vietnam/仕事情報/営業スタッフ-物流会社-駐在員事務所/2865917,2026-01-03
https://kyujin.careerlink.asia/blog/category/myanmar/yangon/,2026-01-03
https://kyujin.careerlink.asia/仕事情報/c/サービス/162,2026-01-03
https://kyujin.careerlink.asia/blog/,2026-01-03
https://kyujin.careerlink.asia/blog/ベトナムみやげ-アオザイ/,2026-01-03
https://kyujin.careerlink.asia/vietnam/仕事情報/税務会計コンサルタント/1789358,2026-01-03
https://kyujin.careerlink.asia/vietnam/仕事情報/営業シニアマネージャー-韓国企業担当/2116430,2026-01-03
https://kyujin.careerlink.asia/thailand/仕事情報/品質管理アドバイザー（金属加工）/1844626,2026-01-03
https://kyujin.careerlink.asia/blog/category/gourmet/japanese-restaurant/,2026-01-03
https://kyujin.careerlink.asia/singapore/singapore-university-ranking,2026-01-03
https://kyujin.careerlink.asia/cambodia/就職情報/カンボジア王国について,2026-01-03
https://kyujin.careerlink.asia/malaysia/就職情報,2026-01-03
https://kyujin.careerlink.asia/blog/ホイアン旅行/,2026-01-03
https://kyujin.careerlink.asia/thailand/仕事情報/オンライン授業運用サポート-経験不問-（語学学校）/2179005,2026-01-03
https://kyujin.careerlink.asia/vietnam/仕事情報/フォワーダー営業/1300496,2026-01-03
https://kyujin.careerlink.asia/vietnam/仕事情報/営業スタッフ（リサイクル・非鉄金属）/2101635,2026-01-03
https://kyujin.careerlink.asia/blog/category/indonesia/,2026-01-03
https://kyujin.careerlink.asia/vietnam/仕事情報/建築設計エンジニア/1277440,2026-01-03
https://kyujin.careerlink.asia/blog/マニラおすすめの高級5つ星ホテル/,2026-01-03
https://kyujin.careerlink.asia/vietnam/コラム/technicaltraining,2026-01-03
https://kyujin.careerlink.asia/仕事情報/c/製造管理/182,2026-01-03
https://kyujin.careerlink.asia/blog/page/6/,2026-01-03
https://kyujin.careerlink.asia/vietnam/仕事情報/セールスエンジニア（水処理・化学）/1380461,2026-01-03
https://kyujin.careerlink.asia/blog/インターン生の清水です！/,2026-01-03
https://kyujin.careerlink.asia/vietnam/仕事情報/日系市場開拓スタッフ-営業･マーケティング/1202070,2026-01-03
https://kyujin.careerlink.asia/blog/tag/アナンタラ/,2026-01-03
https://kyujin.careerlink.asia/malaysia/就職情報/malaysia-life,2026-01-03
https://kyujin.careerlink.asia/blog/category/malaysia/コタキナバル/,2026-01-03
https://kyujin.careerlink.asia/vietnam/コラム/specifiedskilledworker,2026-01-03
https://kyujin.careerlink.asia/thailand/ThaiLabourLaw,2026-01-03
https://kyujin.careerlink.asia/vietnam/仕事情報/プレスエンジニア-金属/1815415,2026-01-03
https://kyujin.careerlink.asia/blog/category/vietnam/hanoi/,2026-01-03
https://kyujin.careerlink.asia/blog/category/malaysia/,2026-01-03
https://kyujin.careerlink.asia/thailand/コラム,2026-01-03
https://kyujin.careerlink.asia/vietnam/仕事情報/3dグラフィックデザイナー（ゲーム）/1638384,2026-01-03
https://kyujin.careerlink.asia/blog/ハノイ動物園に行ってきました！/,2026-01-03
https://kyujin.careerlink.asia/blog/category/gourmet/カフェ/,2026-01-03
https://kyujin.careerlink.asia/blog/tag/ホーチミン市人民委員会庁舎/,2026-01-03
https://kyujin.careerlink.asia/blog/tag/kubara/,2026-01-03
https://kyujin.careerlink.asia/indonesia/仕事情報/c/建築・土木/164,2026-01-03
https://kyujin.careerlink.asia/blog/tag/ベトナム料理/,2026-01-03
https://kyujin.careerlink.asia/blog/tag/イオン/,2026-01-03
https://kyujin.careerlink.asia/blog/category/ビジネス/不動産/,2026-01-03
https://kyujin.careerlink.asia/vietnam/コラム/ベトナムでアルバイト募集,2026-01-03
https://kyujin.careerlink.asia/blog/tag/タイニン/,2026-01-03
https://kyujin.careerlink.asia/thailand/就職情報/タイ王国について,2026-01-03
https://kyujin.careerlink.asia/vietnam/コラム/ホーチミン隠れ家,2026-01-03
https://kyujin.careerlink.asia/vietnam/仕事情報/c/サービス/162,2026-01-03
https://kyujin.careerlink.asia/thailand/就職情報/thai-meal,2026-01-03
https://kyujin.careerlink.asia/vietnam/仕事情報/p/フンイエン/HY,2026-01-03
https://kyujin.careerlink.asia/vietnam/コラム/ベトナムの大学-ベトナム国家大学ハノイ校,2026-01-03
https://kyujin.careerlink.asia/vietnam/ベトナム生活情報/hanoi-accounting,2026-01-03
https://kyujin.careerlink.asia/vietnam/仕事情報/p/バクニン/BN,2026-01-03
https://kyujin.careerlink.asia/vietnam/仕事情報/pmo-it/1821945,2026-01-03
https://kyujin.careerlink.asia/blog/category/旅行/観光地/,2026-01-03
https://kyujin.careerlink.asia/vietnam/仕事情報/p/ハイフォン/HP,2026-01-03
https://kyujin.careerlink.asia/vietnam/仕事情報/p/ハノイ/HN?page=2,2026-01-03
https://kyujin.careerlink.asia/仕事情報/c/エンジニア/183,2026-01-03
https://kyujin.careerlink.asia/blog/tag/ペニンシュラ/,2026-01-03
https://kyujin.careerlink.asia/blog/category/vietnam/da-lat/,2026-01-03
https://kyujin.careerlink.asia/blog/tag/バンコク/,2026-01-03
https://kyujin.careerlink.asia/thailand/仕事情報/法人営業（ワイヤーハーネス）/1200961,2026-01-03
https://kyujin.careerlink.asia/blog/tag/ベトナム語/,2026-01-03
https://kyujin.careerlink.asia/blog/tag/アプリコット/,2026-01-03
https://kyujin.careerlink.asia/vietnam/仕事情報/マーケティングリーダー-アミューズメント・韓国語ネイティブ/2285783,2026-01-03
https://kyujin.careerlink.asia/vietnam/仕事情報/総務経理スタッフ（会計・コンサル）/1336994,2026-01-03
https://kyujin.careerlink.asia/blog/お祝い大好きなベトナムで楽しく生活しています/,2026-01-03
https://kyujin.careerlink.asia/thailand/job/list?page=3,2026-01-03
https://kyujin.careerlink.asia/blog/ハノイ大学　日本語学部設立25周年記念イベント/,2026-01-03
https://kyujin.careerlink.asia/thailand/job/list?page=2,2026-01-03
https://kyujin.careerlink.asia/blog/category/gourmet/local-food/,2026-01-03
https://kyujin.careerlink.asia/vietnam/仕事情報/順送プレス技術者/2807932,2026-01-03
https://kyujin.careerlink.asia/blog/tag/ホーチミンフォー/,2026-01-03
https://kyujin.careerlink.asia/blog/キンマー通りのフォーレストラン『pho-bo-ly-quoc-su』/,2026-01-03
https://kyujin.careerlink.asia/blog/ベトナム・ハノイのおすすめ市内観光スポット/,2026-01-03
https://kyujin.careerlink.asia/blog/summer-in-closed-eyes/,2026-01-03
https://kyujin.careerlink.asia/vietnam/仕事情報/ビジネスコンサルティング営業/2315346,2026-01-03
https://kyujin.careerlink.asia/vietnam/job/list?page=3,2026-01-03
https://kyujin.careerlink.asia/仕事情報/c/cadオペレーター（建築）・製図/165,2026-01-03
https://kyujin.careerlink.asia/vietnam/仕事情報/物流管理-ロジスティクス/2132757,2026-01-03
https://kyujin.careerlink.asia/blog/tag/タイ湖/,2026-01-03
https://kyujin.careerlink.asia/blog/シンガポールおすすめの高級５つ星ホテル/,2026-01-03
https://kyujin.careerlink.asia/thailand/就職情報,2026-01-03
https://kyujin.careerlink.asia/blog/プーケットおすすめの高級5つ星ホテル/,2026-01-03
https://kyujin.careerlink.asia/vietnam/仕事情報/電着塗装技術者-金属/1834447,2026-01-03
https://kyujin.careerlink.asia/blog/tag/コカレストラン/,2026-01-02
https://kyujin.careerlink.asia/blog/マレーシアで携帯電話使い方ガイド/,2026-01-02
https://kyujin.careerlink.asia/blog/ハノイのスパ/,2026-01-02
https://kyujin.careerlink.asia/blog/ベトナム新興宗教カオダイ教総本山/,2026-01-02
https://kyujin.careerlink.asia/blog/フーコックおすすめの高級5つ星ホテル/,2026-01-02
https://kyujin.careerlink.asia/blog/ハノイラーメンマップ/,2026-01-02
https://kyujin.careerlink.asia/blog/category/intern/,2026-01-02
https://kyujin.careerlink.asia/vietnam/job/list?page=70879,2026-01-02
https://kyujin.careerlink.asia/blog/ハノイ・ベトナム語教室/,2026-01-02
https://kyujin.careerlink.asia/vietnam/仕事情報/生産管理担当者（ナムディン生地工場）※中国語/2866721,2026-01-02
https://kyujin.careerlink.asia/vietnam/job/list?page=50067,2026-01-02
https://kyujin.careerlink.asia/job/list?page=20780,2026-01-02
https://kyujin.careerlink.asia/vietnam/仕事情報/itプロジェクトマネージャー/1717310,2026-01-02
https://kyujin.careerlink.asia/blog/tag/marou/,2026-01-02
https://kyujin.careerlink.asia/thailand/仕事情報/製造管理者（幹部候補）/2866699,2026-01-02
https://kyujin.careerlink.asia/blog/ラーメン大好き/,2026-01-02
https://kyujin.careerlink.asia/blog/ファンビッチャンに新しく出来た「天ぷら-kubara」に/,2026-01-02
https://kyujin.careerlink.asia/blog/セブおすすめ高級5つ星ホテル/,2026-01-02
https://kyujin.careerlink.asia/blog/tag/ホーチミンチョコレート/,2026-01-02
https://kyujin.careerlink.asia/blog/ホーチミン・ベトナム語教室/,2026-01-02
https://kyujin.careerlink.asia/vietnam/仕事情報/pm（プロジェクトマネージャー）（東京orハノイ勤務）/928671,2026-01-02
https://kyujin.careerlink.asia/blog/tag/和食/,2026-01-02
https://kyujin.careerlink.asia/vietnam/コラム/vietnam-university-ranking,2026-01-02
https://kyujin.careerlink.asia/blog/女子必見！ホーチミンの安カワおすすめネイルサ/,2026-01-02
https://kyujin.careerlink.asia/vietnam/仕事情報/法人向け営業マネージャー※職物流業界経験者歓迎！/2866223,2026-01-01
https://kyujin.careerlink.asia/blog/フアヒンおすすめの高級5つ星ホテル/,2026-01-01
https://kyujin.careerlink.asia/blog/マレー語翻訳/,2026-01-01
https://kyujin.careerlink.asia/philippines/就職情報/祝祭日,2026-01-01
https://kyujin.careerlink.asia/blog/タイで携帯電話使い方ガイド/,2026-01-01
https://kyujin.careerlink.asia/仕事情報/p/ホーチミン/HCM?page=493,2026-01-01
https://kyujin.careerlink.asia/thailand/仕事情報/【経験不問】製造事務職/2866614,2026-01-01
https://kyujin.careerlink.asia/vietnam/VietnamLabourLaw/WorkingTime,2026-01-01
https://kyujin.careerlink.asia/blog/ベトナム・ホーチミンの賃貸オフィスを探す/,2026-01-01
https://kyujin.careerlink.asia/blog/ベトナムで長距離列車に乗る/,2026-01-01
https://kyujin.careerlink.asia/indonesia/仕事情報/構造設計者<jp160523>/2866597,2026-01-01
https://kyujin.careerlink.asia/vietnam/仕事情報/【社員寮も完備】購買部門マネージャー候補/2866606,2026-01-01
https://kyujin.careerlink.asia/indonesia/仕事情報/品質管理・プロジェクトマネジメント＜jp240725＞/2866601,2026-01-01
https://kyujin.careerlink.asia/indonesia/仕事情報/財務経理<jp320824>/2866595,2026-01-01
https://kyujin.careerlink.asia/indonesia/仕事情報/宿泊施設ゲストリレーション＜jp260725＞/2866602,2026-01-01
https://kyujin.careerlink.asia/blog/tag/タイ/,2026-01-01
https://kyujin.careerlink.asia/indonesia/就職情報/indnesia-life,2026-01-01
https://kyujin.careerlink.asia/blog/ホーチミンの賃貸オフィスを契約する/,2026-01-01
https://kyujin.careerlink.asia/vietnam/ベトナム生活情報/hcm_golfcourse,2025-12-31
https://kyujin.careerlink.asia/vietnam/仕事情報/c/会計・税務/161,2025-12-31
https://kyujin.careerlink.asia/thailand/会社概要,2025-12-31
https://kyujin.careerlink.asia/vietnam/仕事情報/サービスアパートメント-営業スタッフ/1941050,2025-12-31
https://kyujin.careerlink.asia/blog/パタヤおすすめの高級5つ星ホテル/,2025-12-31
https://kyujin.careerlink.asia/vietnam/仕事情報/幼稚園教諭･保育士/1533288,2025-12-31
https://kyujin.careerlink.asia/malaysia/マレーシアの工業団地,2025-12-30
https://kyujin.careerlink.asia/vietnam/コラム/hochiminh-ramen2016,2025-12-30
https://kyujin.careerlink.asia/vietnam/コラム/vung-tau-resort,2025-12-30
https://kyujin.careerlink.asia/仕事情報/c/教育-訓練-日本語教師/204,2025-12-30
https://kyujin.careerlink.asia/blog/社員旅行inマレーシア/,2025-12-30
https://kyujin.careerlink.asia/blog/街から誰もいなくなる！？　　　　　　　　　ベ/,2025-12-30
https://kyujin.careerlink.asia/vietnam/仕事情報/プロジェクトマネージャー（ハノイ）/1535193,2025-12-30
https://kyujin.careerlink.asia/vietnam/仕事情報/施工管理者/2300713,2025-12-30
https://kyujin.careerlink.asia/blog/category/gourmet/,2025-12-30
https://kyujin.careerlink.asia/vietnam/job/list?page=70885,2025-12-30
https://kyujin.careerlink.asia/blog/tag/ベトナムお土産/,2025-12-30
https://kyujin.careerlink.asia/blog/tag/ドンコイ通り/,2025-12-30
https://kyujin.careerlink.asia/thailand/仕事情報/営業アドバイザー（自動車部品プロトタイプ）/2344168,2025-12-30
https://kyujin.careerlink.asia/cambodia/就職情報/雇用契約,2025-12-30
https://kyujin.careerlink.asia/blog/tag/すっぽん/,2025-12-30
https://kyujin.careerlink.asia/thailand/仕事情報/ロジスティクマネージャ（プラスチック-ケミカル製品）/2698533,2025-12-30
https://kyujin.careerlink.asia/blog/tag/サイアム-ケンピンスキー-ホテル/,2025-12-30
https://kyujin.careerlink.asia/thailand/仕事情報/営業（未経験歓迎・ledソリューション・省エネ電気機器）/2866433,2025-12-30
https://kyujin.careerlink.asia/job/list?page=20792,2025-12-30
https://kyujin.careerlink.asia/blog/category/vietnam/,2025-12-30
https://kyujin.careerlink.asia/仕事情報/p/ホーチミン/HCM?page=492,2025-12-29
https://kyujin.careerlink.asia/job/list?page=71667,2025-12-29
https://kyujin.careerlink.asia/indonesia/仕事情報/秘書＜jp280825＞/2866604,2025-12-29
https://kyujin.careerlink.asia/blog/tag/大学/,2025-12-29
https://kyujin.careerlink.asia/vietnam/lp,2025-12-29
https://kyujin.careerlink.asia/vietnam/ベトナム生活情報/ho-chi-minh-search-apartments,2025-12-29
https://kyujin.careerlink.asia/vietnam/仕事情報/セールススーパーバイザー（建材（金属加工））/2788758,2025-12-29
https://kyujin.careerlink.asia/vietnam/コラム?page=32,2025-12-29
https://kyujin.careerlink.asia/thailand/仕事情報/マーケティング-購買アシスタントマネージャ-自動車部品/2846099,2025-12-29
https://kyujin.careerlink.asia/vietnam/コラム?page=16,2025-12-29
https://kyujin.careerlink.asia/blog/tag/ホーチミン生活/,2025-12-29
https://kyujin.careerlink.asia/blog/tag/シェラトン/,2025-12-29
https://kyujin.careerlink.asia/thailand/仕事情報/【タイ語が活かせる】タイ語通訳者/2866613,2025-12-28
https://kyujin.careerlink.asia/blog/category/malaysia/penang/,2025-12-28
https://kyujin.careerlink.asia/thailand/仕事情報/【長期育成計画あり】工場長候補-アパレルメーカー/2363749,2025-12-28
https://kyujin.careerlink.asia/blog/tag/pho-bo/,2025-12-28
https://kyujin.careerlink.asia/blog/ベトナム人材紹介会社/,2025-12-28
https://kyujin.careerlink.asia/thailand/仕事情報/建築技術者（駐車場関係）/1700770,2025-12-28
https://kyujin.careerlink.asia/thailand/ThaiLabourLaw/General,2025-12-28
https://kyujin.careerlink.asia/vietnam/仕事情報/セールスエンジニア-商社/2854238,2025-12-28
https://kyujin.careerlink.asia/vietnam/仕事情報/【語学不問】bpo企業での日本人管理者募集（深夜シフト勤務）/2866561,2025-12-28
https://kyujin.careerlink.asia/thailand/仕事情報/業務システムエンジニア-windows-アプリケーション/2866698,2025-12-28
https://kyujin.careerlink.asia/thailand/仕事情報/web広告運用戦略スタッフ/2866693,2025-12-28
https://kyujin.careerlink.asia/blog/category/生活情報/page/3/,2025-12-28
https://kyujin.careerlink.asia/blog/tag/ベトナム口座/,2025-12-28
https://kyujin.careerlink.asia/blog/tag/中華/,2025-12-28
https://kyujin.careerlink.asia/blog/tag/映画/,2025-12-28
https://kyujin.careerlink.asia/blog/tag/浄水器/,2025-12-28
https://kyujin.careerlink.asia/blog/tag/家庭教師/,2025-12-28
https://kyujin.careerlink.asia/vietnam/仕事情報/営業管理担当/2162362,2025-12-28
https://kyujin.careerlink.asia/thailand/仕事情報/生産技術マネージャ（自動車部品製造）/2674871,2025-12-28
https://kyujin.careerlink.asia/blog/tag/マレー語/,2025-12-28
https://kyujin.careerlink.asia/blog/tag/chung-cuu-nguyen-hue/,2025-12-28
https://kyujin.careerlink.asia/vietnam/仕事情報/法人営業スタッフ-省エネ商品-営業未経験者も歓迎＠ハノイ/2866452,2025-12-28
https://kyujin.careerlink.asia/thailand/仕事情報/金型エンジニア/2866195,2025-12-28
https://kyujin.careerlink.asia/vietnam/仕事情報/順送プレスエンジニア-小物金属/2775120,2025-12-27
https://kyujin.careerlink.asia/vietnam/仕事情報/プロジェクトマネージャー（建築）/2374404,2025-12-27
https://kyujin.careerlink.asia/thailand/仕事情報/資材計画・調達担当（自動車・電気部品）/2865967,2025-12-27
https://kyujin.careerlink.asia/blog/tag/シルク/,2025-12-27
https://kyujin.careerlink.asia/thailand/仕事情報/営業-表面処理用材料/1857302,2025-12-27
https://kyujin.careerlink.asia/thailand/仕事情報/【日本本社登用のチャンス有り】営業および営業マネージャ（電気部品製造）/2866481,2025-12-27
https://kyujin.careerlink.asia/thailand/仕事情報/it-インフラ-エンジニア/2866301,2025-12-27
https://kyujin.careerlink.asia/blog/tag/ベトナムグルメ/,2025-12-27
https://kyujin.careerlink.asia/malaysia/就職情報/マレーシアについて,2025-12-27
https://kyujin.careerlink.asia/thailand/仕事情報/itセールススタッフ/2866681,2025-12-27
https://kyujin.careerlink.asia/blog/tag/天后宮/,2025-12-27
https://kyujin.careerlink.asia/vietnam/仕事情報/営業-アルミフレーム、機械装置/2865896,2025-12-27
https://kyujin.careerlink.asia/blog/tag/接待/,2025-12-27
https://kyujin.careerlink.asia/blog/tag/クアンビン/,2025-12-27
https://kyujin.careerlink.asia/thailand/仕事情報/インサイド-セールス（it企業）/1964424,2025-12-27
https://kyujin.careerlink.asia/cambodia/コラム/カンボジアの労働事情part1,2025-12-27
https://kyujin.careerlink.asia/blog/tag/vpnおすすめ/,2025-12-27
https://kyujin.careerlink.asia/blog/category/vietnam/hochiminh/,2025-12-27
https://kyujin.careerlink.asia/job/list?page=22336,2025-12-27
https://kyujin.careerlink.asia/thailand/仕事情報/フロントエンドエンジニア/2866696,2025-12-27
https://kyujin.careerlink.asia/thailand/仕事情報/ec受注管理-カスタマーサポート/2866691,2025-12-27
https://kyujin.careerlink.asia/blog/category/philippines/パラワン島/,2025-12-27
https://kyujin.careerlink.asia/blog/category/ビジネス/law/,2025-12-27
https://kyujin.careerlink.asia/blog/category/malaysia/kuala-lumpur/,2025-12-27
https://kyujin.careerlink.asia/blog/category/thai/サムイ島/,2025-12-27
https://kyujin.careerlink.asia/thailand/仕事情報/webマーケティング戦略スタッフ/2866299,2025-12-27
https://kyujin.careerlink.asia/vietnam/仕事情報/生地工場-生産管理担当-中国語/2866167,2025-12-27
https://kyujin.careerlink.asia/blog/intern-thailand/,2025-12-27
https://kyujin.careerlink.asia/blog/tag/観光ビザ/,2025-12-27
https://kyujin.careerlink.asia/blog/tag/英語アプリ/,2025-12-27
https://kyujin.careerlink.asia/blog/サムイ島おすすめの高級5つ星ホテル/,2025-12-27
https://kyujin.careerlink.asia/cambodia/就職情報,2025-12-26
https://kyujin.careerlink.asia/thailand/仕事情報/webデザイナー（ecサイト/2866692,2025-12-26
https://kyujin.careerlink.asia/blog/tag/両替所/,2025-12-26
https://kyujin.careerlink.asia/blog/tag/cgv/,2025-12-26
https://kyujin.careerlink.asia/blog/tag/インターン/,2025-12-26
https://kyujin.careerlink.asia/job/list?page=20223,2025-12-26
https://kyujin.careerlink.asia/thailand/コラム/Bangkok-Laos,2025-12-26
https://kyujin.careerlink.asia/thailand/仕事情報/p/アユタヤ/14,2025-12-26
https://kyujin.careerlink.asia/blog/ブログはじめました。/,2025-12-26
https://kyujin.careerlink.asia/blog/category/thai/bangkok/,2025-12-26
https://kyujin.careerlink.asia/blog/ベトナム人に人気のスポット-in-da-lat/,2025-12-26
https://kyujin.careerlink.asia/vietnam/仕事情報/電気設備工事設計技術者-cad/1876144,2025-12-26
https://kyujin.careerlink.asia/blog/tag/バー/,2025-12-26
https://kyujin.careerlink.asia/thailand/仕事情報/営業-金型/2349476,2025-12-26
https://kyujin.careerlink.asia/indonesia/コラム/インドネシアの労働事情part1,2025-12-26
https://kyujin.careerlink.asia/thailand/仕事情報/itプロジェクトマネージャー-プリセールスエンジニア/2866680,2025-12-26
https://kyujin.careerlink.asia/vietnam/仕事情報/サッカー指導員/1277415,2025-12-25
https://kyujin.careerlink.asia/blog/tag/社員旅行/,2025-12-25
https://kyujin.careerlink.asia/blog/category/malaysia/ジョホールバル/,2025-12-25
https://kyujin.careerlink.asia/vietnam/仕事情報/c/物流/186,2025-12-25
https://kyujin.careerlink.asia/blog/page/2/,2025-12-25
https://kyujin.careerlink.asia/vietnam/仕事情報/【60歳以上の方、講師未経験者も歓迎】建築の職業訓練校-講師/2866607,2025-12-25
https://kyujin.careerlink.asia/thailand/仕事情報/c/製造管理/182,2025-12-25
https://kyujin.careerlink.asia/vietnam/仕事情報/p/バリア-ブンタウ/BRVT,2025-12-25
https://kyujin.careerlink.asia/indonesia/仕事情報/営業＆テナントリレーション<jp340924>/2866596,2025-12-25
https://kyujin.careerlink.asia/vietnam/仕事情報/ベトナム法人代表者（飲食経営）/2811271,2025-12-25
https://kyujin.careerlink.asia/vietnam/job/list?page=70880,2025-12-25
https://kyujin.careerlink.asia/thailand/job/list?page=17929,2025-12-25
https://kyujin.careerlink.asia/仕事情報/c/仕入れ・バイヤー/158,2025-12-25
https://kyujin.careerlink.asia/thailand/仕事情報/エンジニアリング-マネージャ-プラスチック製品・金型/1957180,2025-12-25
https://kyujin.careerlink.asia/blog/tag/個室/,2025-12-25
https://kyujin.careerlink.asia/blog/category/vietnam/phu-quoc/,2025-12-25
https://kyujin.careerlink.asia/vietnam/仕事情報/税務法務テクニカルアドバイザー-or-アシスタント/1681012,2025-12-25
https://kyujin.careerlink.asia/blog/tag/マンダリン-オリエンタル/,2025-12-25
https://kyujin.careerlink.asia/blog/tag/リッツカールトン/,2025-12-25
https://kyujin.careerlink.asia/blog/tag/長期インターン/,2025-12-25
https://kyujin.careerlink.asia/blog/tag/アオザイ/,2025-12-25
https://kyujin.careerlink.asia/thailand/仕事情報/バックオフィス担当ゼネラルマネージャ-日系繊維メーカー/2581897,2025-12-25
https://kyujin.careerlink.asia/vietnam/仕事情報/若手公認会計士募集！-コンサルティングファーム（言語不問）/2866461,2025-12-25
https://kyujin.careerlink.asia/blog/tag/ハノイ/,2025-12-25
https://kyujin.careerlink.asia/indonesia/就職情報,2025-12-25
https://kyujin.careerlink.asia/blog/tag/サイゴンオペラハウス/,2025-12-24
https://kyujin.careerlink.asia/blog/tag/ベトナム語入力/,2025-12-24
https://kyujin.careerlink.asia/vietnam/job/list?page=1658,2025-12-24
https://kyujin.careerlink.asia/仕事情報/p/ホーチミン/HCM?page=490,2025-12-24
https://kyujin.careerlink.asia/blog/tag/ホーチミンマッサージ/,2025-12-24
https://kyujin.careerlink.asia/blog/tag/豚骨ラーメン/,2025-12-24
https://kyujin.careerlink.asia/vietnam/仕事情報/アカウンティング-コンサル/1942626,2025-12-24
https://kyujin.careerlink.asia/job/list?page=19641,2025-12-24
https://kyujin.careerlink.asia/求人企業/login,2025-12-24
https://kyujin.careerlink.asia/thailand/仕事情報/営業（制御機器）/1613552,2025-12-24
https://kyujin.careerlink.asia/blog/category/malaysia/イポー/,2025-12-24
https://kyujin.careerlink.asia/blog/tag/ガストタイ/,2025-12-24
https://kyujin.careerlink.asia/blog/tag/チョコ/,2025-12-24
https://kyujin.careerlink.asia/vietnam/コラム/hanoi-ramen,2025-12-24
https://kyujin.careerlink.asia/thailand/仕事情報/ecサイト受注管理-カストマーサポート/2866303,2025-12-24
https://kyujin.careerlink.asia/blog/category/vietnam/da-nang/,2025-12-24
https://kyujin.careerlink.asia/blog/category/thai/,2025-12-24
https://kyujin.careerlink.asia/blog/tag/タイ求人/,2025-12-24
https://kyujin.careerlink.asia/indonesia/仕事情報/c/人事・総務/166,2025-12-24
https://kyujin.careerlink.asia/thailand/仕事情報/企画・販促ディレクター（ecサイト）/2866697,2025-12-24
https://kyujin.careerlink.asia/blog/tag/ベトナム/,2025-12-24
https://kyujin.careerlink.asia/vietnam/job/list?page=70882,2025-12-24
https://kyujin.careerlink.asia/indonesia/仕事情報/c/教育-訓練-日本語教師/204,2025-12-24
https://kyujin.careerlink.asia/blog/tag/ベトナム移住/,2025-12-24
https://kyujin.careerlink.asia/blog/category/thai/パタヤ/,2025-12-24
https://kyujin.careerlink.asia/blog/tag/生春巻き/,2025-12-24
https://kyujin.careerlink.asia/blog/tag/英語学校/,2025-12-24
https://kyujin.careerlink.asia/blog/category/カンボジア/シェムリアップ/,2025-12-24
https://kyujin.careerlink.asia/blog/category/中国/香港/,2025-12-24
https://kyujin.careerlink.asia/thailand/仕事情報/海外営業（電子部品を必要とする商社・製造業向け営業）/2866679,2025-12-24
https://kyujin.careerlink.asia/blog/tag/ハイアットリージェンシー/,2025-12-24
https://kyujin.careerlink.asia/blog/category/philippines/makati/,2025-12-24
https://kyujin.careerlink.asia/vietnam/仕事情報/経営視点を持ち営業戦略を推進！法人営業マネージャー＠ハノイ/2866451,2025-12-24
https://kyujin.careerlink.asia/blog/category/ビジネス/会計/,2025-12-24
https://kyujin.careerlink.asia/blog/tag/ホテル三日月/,2025-12-24
https://kyujin.careerlink.asia/blog/tag/遊園地/,2025-12-24
https://kyujin.careerlink.asia/indonesia/仕事情報/化学プラントエンジニア-静機器担当者＜jp320621＞/2866579,2025-12-23
https://kyujin.careerlink.asia/vietnam/仕事情報/インフラエンジニアマネージャー/2046204,2025-12-23
https://kyujin.careerlink.asia/blog/tag/ホーチミン/,2025-12-23
https://kyujin.careerlink.asia/blog/学生インターンシップ募集要項-2018/,2025-12-23
https://kyujin.careerlink.asia/vietnam/ベトナム生活情報/hanoi_golfcourse,2025-12-23
https://kyujin.careerlink.asia/blog/category/thai/クラビ/,2025-12-23
https://kyujin.careerlink.asia/thailand/コラム/タイの労働事情part1,2025-12-23
https://kyujin.careerlink.asia/blog/tag/ホーチミンコーヒー/,2025-12-23
https://kyujin.careerlink.asia/仕事情報/c/貿易、国際業務/180,2025-12-23
https://kyujin.careerlink.asia/blog/tag/grab-food/,2025-12-23
https://kyujin.careerlink.asia/blog/tag/accuweather/,2025-12-23
https://kyujin.careerlink.asia/blog/tag/休日/page/2/,2025-12-23
https://kyujin.careerlink.asia/blog/tag/インターコンチネンタル/,2025-12-23
https://kyujin.careerlink.asia/blog/tag/日本食/,2025-12-22
https://kyujin.careerlink.asia/blog/page/8/,2025-12-22
https://kyujin.careerlink.asia/vietnam/ベトナム生活情報/ベトナムの日本人学校,2025-12-22
https://kyujin.careerlink.asia/vietnam/会社概要,2025-12-22
https://kyujin.careerlink.asia/thailand/タイ生活情報/Thailand-Visa,2025-12-22
https://kyujin.careerlink.asia/blog/tag/スンドゥブ/,2025-12-22
https://kyujin.careerlink.asia/blog/tag/ホテル、休日/,2025-12-22
https://kyujin.careerlink.asia/cambodia/仕事情報/【未経験可-スタートアップ】アドミニストレータ（ビジネスコンサルティング）/2391968,2025-12-22
https://kyujin.careerlink.asia/indonesia/仕事情報/サービスアパート管理・営業＜jp270725＞/2866603,2025-12-22
https://kyujin.careerlink.asia/blog/tag/kマート/,2025-12-22
https://kyujin.careerlink.asia/blog/category/生活情報/学校/,2025-12-22
https://kyujin.careerlink.asia/blog/tag/サイゴン中央郵便局/,2025-12-22
https://kyujin.careerlink.asia/仕事情報/c/経理・財務/160,2025-12-22
https://kyujin.careerlink.asia/blog/tag/pissamorn-house/,2025-12-22
https://kyujin.careerlink.asia/blog/tag/マリーナベイサンズ/,2025-12-22
https://kyujin.careerlink.asia/blog/tag/ちよだ鮨/,2025-12-22
https://kyujin.careerlink.asia/indonesia/仕事情報/営業＜jp270723＞/2866598,2025-12-22
https://kyujin.careerlink.asia/blog/tag/マーケット/,2025-12-22
https://kyujin.careerlink.asia/blog/tag/タイ人材会社/,2025-12-22
https://kyujin.careerlink.asia/thailand/仕事情報/c/人事・総務/166,2025-12-22
https://kyujin.careerlink.asia/thailand/仕事情報/p/ラヨーン/21,2025-12-22
https://kyujin.careerlink.asia/blog/tag/ロンヴァン水上人形劇/,2025-12-22
https://kyujin.careerlink.asia/blog/tag/日系/,2025-12-22
https://kyujin.careerlink.asia/blog/category/vietnam/hoi-an/,2025-12-21
https://kyujin.careerlink.asia/vietnam/仕事情報/建設会社-営業担当/2122033,2025-12-21
https://kyujin.careerlink.asia/blog/tag/ハノイカフェ/,2025-12-21
https://kyujin.careerlink.asia/blog/tag/マレー語翻訳/,2025-12-21
https://kyujin.careerlink.asia/blog/tag/シェラトン-グランデ-スクンビット/,2025-12-21
https://kyujin.careerlink.asia/thailand/仕事情報/購買担当-電子部品製造/2112061,2025-12-21
https://kyujin.careerlink.asia/blog/tag/テト/,2025-12-21
https://kyujin.careerlink.asia/blog/tag/3区/,2025-12-21
https://kyujin.careerlink.asia/vietnam/仕事情報/営業スタッフ（オフィス機器、管理システム）/2532011,2025-12-21
https://kyujin.careerlink.asia/blog/category/philippines/,2025-12-21
https://kyujin.careerlink.asia/thailand/仕事情報/生産技術マネージャ-（金属プレス・金型/2237993,2025-12-21
https://kyujin.careerlink.asia/indonesia/仕事情報/現場責任者候補（養殖業）<jp441123>/2866599,2025-12-21
https://kyujin.careerlink.asia/仕事情報/company/キャリアリンク-仲介求人/89163?page=8,2025-12-21
https://kyujin.careerlink.asia/thailand/仕事情報/製造技術者（ハーネス製品）/2436005,2025-12-21
https://kyujin.careerlink.asia/thailand/仕事情報/【未経験可】営業サポート/2505741,2025-12-21
https://kyujin.careerlink.asia/blog/ベトナム-ダナンのクラフトビール『7bridge』/,2025-12-21
https://kyujin.careerlink.asia/indonesia/仕事情報/セールス＆マーケティングマネージャー<jp170525>/2866580,2025-12-21
https://kyujin.careerlink.asia/vietnam/仕事情報/開発プロジェクトファシリテーター-オフショア受注、自社アプリ/2532809,2025-12-21
https://kyujin.careerlink.asia/thailand/仕事情報/ソリューション提案営業（省エネ商社・設備工事）/2001651,2025-12-21
https://kyujin.careerlink.asia/vietnam/VietnamLabourLaw,2025-12-21
https://kyujin.careerlink.asia/vietnam/仕事情報/営業管理者-医療サービス/2708740,2025-12-21
https://kyujin.careerlink.asia/blog/category/vietnam/ファンティエット/,2025-12-21
https://kyujin.careerlink.asia/vietnam/仕事情報/it技術コンサルタント-オフショア受注、自社アプリ/2532706,2025-12-21
https://kyujin.careerlink.asia/thailand/仕事情報/営業統括責任者（システムインテグレーター）/1645126,2025-12-21
https://kyujin.careerlink.asia/blog/tag/ニッコーホテル/,2025-12-21
https://kyujin.careerlink.asia/thailand/仕事情報/営業（金型）/2260434,2025-12-21
https://kyujin.careerlink.asia/blog/tag/仏教/,2025-12-21
https://kyujin.careerlink.asia/vietnam/仕事情報/【工場総務の経験者歓迎】製造業-総務本部スタッフ/2866575,2025-12-21
https://kyujin.careerlink.asia/indonesia/仕事情報/金属メーカー営業＜jp230725＞/2866600,2025-12-21
https://kyujin.careerlink.asia/thailand/仕事情報/工場長-カーエアコン部品/2260419,2025-12-21
https://kyujin.careerlink.asia/blog/tag/ローカルレストラン/,2025-12-21
https://kyujin.careerlink.asia/blog/tag/ヤギ/,2025-12-21
https://kyujin.careerlink.asia/thailand/仕事情報/営業（factory-automation-system）/2107466,2025-12-20
https://kyujin.careerlink.asia/vietnam/仕事情報/切削加工管理者-金属/2412414,2025-12-20
https://kyujin.careerlink.asia/thailand/仕事情報/it-プロジェクトマネージャ-プリセールスエンジニア/2537540,2025-12-20
https://kyujin.careerlink.asia/thailand/仕事情報/営業技術-パネルシステム）/2714206,2025-12-20
https://kyujin.careerlink.asia/blog/category/thai/フアヒン/,2025-12-20
https://kyujin.careerlink.asia/indonesia/就職情報/祝祭日,2025-12-20
https://kyujin.careerlink.asia/thailand/仕事情報/営業-精密金属部品/1742845,2025-12-20
https://kyujin.careerlink.asia/thailand/仕事情報/営業（システム-エンジニアリング-カンパニー）/1455111,2025-12-20
https://kyujin.careerlink.asia/thailand/仕事情報/デジタルマーケティングマネージャー/2866324,2025-12-20
https://kyujin.careerlink.asia/vietnam/仕事情報/営業マーケティング担当-保険/2866434,2025-12-20
https://kyujin.careerlink.asia/blog/tag/日本の本（書籍）/,2025-12-19
https://kyujin.careerlink.asia/thailand/仕事情報/製造マネージャ・アドバイザー（電装部品）/2823090,2025-12-19
https://kyujin.careerlink.asia/indonesia/仕事情報/営業＜jp330825＞/2866654,2025-12-19
https://kyujin.careerlink.asia/blog/tag/エッグコーヒー/,2025-12-19
https://kyujin.careerlink.asia/blog/category/philippines/cebu/,2025-12-18
https://kyujin.careerlink.asia/仕事情報/c/建築・土木/164,2025-12-18
https://kyujin.careerlink.asia/blog/category/vietnam/hue/,2025-12-18
https://kyujin.careerlink.asia/blog/tag/aksara-heritage/,2025-12-18
https://kyujin.careerlink.asia/blog/tag/ハノイお土産/,2025-12-17
https://kyujin.careerlink.asia/blog/tag/センタラグランド/,2025-12-17
https://kyujin.careerlink.asia/blog/category/thai/チェンライ/,2025-12-17
https://kyujin.careerlink.asia/job/list?page=62368,2025-12-17
https://kyujin.careerlink.asia/blog/tag/ビンタン区/,2025-12-16
https://kyujin.careerlink.asia/blog/tag/スーパー/,2025-12-16
https://kyujin.careerlink.asia/thailand/仕事情報/営業および製造サポート（電子部品-ems）/2818265,2025-12-15
https://kyujin.careerlink.asia/blog/tag/ベトナム労働法/,2025-12-15
https://kyujin.careerlink.asia/blog/category/vietnam/page/3/,2025-12-15
https://kyujin.careerlink.asia/vietnam/仕事情報/c/倉庫管理/185,2025-12-15
https://kyujin.careerlink.asia/blog/tag/油そば/,2025-12-15
https://kyujin.careerlink.asia/vietnam/仕事情報/駐在員｜年収900万円以上！製造業で経理・総務・品質保証/2866276,2025-12-15
https://kyujin.careerlink.asia/thailand/仕事情報/システム開発営業/2537530,2025-12-15
https://kyujin.careerlink.asia/thailand/仕事情報/ファインブランキングの金型設計エンジニア/1628797,2025-12-15
https://kyujin.careerlink.asia/thailand/仕事情報/システム-マネージャ-製造業向けitソリューション/2241385,2025-12-15
https://kyujin.careerlink.asia/blog/tag/ホーチミン市博物館/,2025-12-14
https://kyujin.careerlink.asia/blog/tag/ローカルフード/,2025-12-14
https://kyujin.careerlink.asia/vietnam/仕事情報/物流営業/1579930,2025-12-14
https://kyujin.careerlink.asia/vietnam/仕事情報/qaマネージャー候補-it/2484631,2025-12-14
https://kyujin.careerlink.asia/thailand/仕事情報/デジタルマーケティングマネージャー/2690662,2025-12-14
https://kyujin.careerlink.asia/vietnam/仕事情報/日系顧客対応-営業、ビジネス開発など-保険仲介/2865916,2025-12-13
https://kyujin.careerlink.asia/thailand/仕事情報/営業-電子部品/2331092,2025-12-13
https://kyujin.careerlink.asia/thailand/仕事情報/機械メンテナンスエンジニア（金属加工）/2151904,2025-12-13
https://kyujin.careerlink.asia/thailand/仕事情報/工場管理-射出成型工場/2008296,2025-12-13
https://kyujin.careerlink.asia/thailand/仕事情報/生産管理者-衣料品/2853414,2025-12-13
https://kyujin.careerlink.asia/thailand/仕事情報/it-営業・契約交渉担当/1742894,2025-12-13
https://kyujin.careerlink.asia/thailand/仕事情報/オペレーションスーパーバイザー-コールセンター/2858863,2025-12-13
https://kyujin.careerlink.asia/blog/tag/勉強/,2025-12-13
https://kyujin.careerlink.asia/blog/tag/ハザン省/,2025-12-13
https://kyujin.careerlink.asia/thailand/仕事情報/【語学不問】営業-金属製品試作加工/2866492,2025-12-13
https://kyujin.careerlink.asia/thailand/仕事情報/電気工事施工管理技術者（エンジニアリングカンパニー）/2088024,2025-12-13
https://kyujin.careerlink.asia/thailand/仕事情報/工場監視・管理者-木工製品製造/2459449,2025-12-13
https://kyujin.careerlink.asia/thailand/仕事情報/セールス-エンジニア-自動化システム/2809912,2025-12-13
https://kyujin.careerlink.asia/thailand/仕事情報/プロジェクトマネージャー（webシステム開発・運用）/2866325,2025-12-13
https://kyujin.careerlink.asia/thailand/仕事情報/技術営業-電気設備-タイ・ミャンマー/1674245,2025-12-13
https://kyujin.careerlink.asia/cambodia/仕事情報/【スタートアップ】店舗マネージャ兼秘書（インバウンド旅行代理店-プノンペン）/2576671,2025-12-13
https://kyujin.careerlink.asia/thailand/仕事情報/生産管理者（電気部品）/2435995,2025-12-13
https://kyujin.careerlink.asia/thailand/仕事情報/営業マネージャ-産業機械商社/2866308,2025-12-13
https://kyujin.careerlink.asia/thailand/仕事情報/itシステム-エンジニア/2537581,2025-12-13
https://kyujin.careerlink.asia/vietnam/仕事情報/itプロジェクトマネージャー/2520094,2025-12-13
https://kyujin.careerlink.asia/thailand/仕事情報/営業マネ－ジャ-アシスタント-物流企業/2513165,2025-12-13
https://kyujin.careerlink.asia/thailand/仕事情報/会計スタッフ-工業用製品製造販売/2502260,2025-12-13
https://kyujin.careerlink.asia/thailand/仕事情報/アシスタント営業マネージャ（オートリース）/2112051,2025-12-13
https://kyujin.careerlink.asia/thailand/仕事情報/セールス-プランニング-マネージャ（電気製品製造）/2404064,2025-12-13
https://kyujin.careerlink.asia/vietnam/仕事情報/営業マネージャー（製造業・ポテンシャル採用）/2866062,2025-12-13
https://kyujin.careerlink.asia/thailand/仕事情報/セールス-マネージャ（制御機器）/1613550,2025-12-13
https://kyujin.careerlink.asia/vietnam/仕事情報/経理マネージャー/2717250,2025-12-13
https://kyujin.careerlink.asia/thailand/仕事情報/営業アシスタントマネージャー-製造業・電子部品/1742875,2025-12-13
https://kyujin.careerlink.asia/thailand/仕事情報/営業アシスタントマネージャ/2075486,2025-12-13
https://kyujin.careerlink.asia/vietnam/仕事情報/工場管理（縫製加工業）※業界未経験可/2758336,2025-12-13
https://kyujin.careerlink.asia/thailand/仕事情報/和食料理人/2167353,2025-12-13
https://kyujin.careerlink.asia/thailand/仕事情報/it-プログラマー-生産管理システム/2809911,2025-12-13
https://kyujin.careerlink.asia/thailand/仕事情報/和食-調理スタッフ/1844981,2025-12-13
https://kyujin.careerlink.asia/vietnam/仕事情報/営業スタッフ-金属-プラスチック部品/2676635,2025-12-13
https://kyujin.careerlink.asia/thailand/仕事情報/営業-ファクトリーオートメーション/1742899,2025-12-13
https://kyujin.careerlink.asia/thailand/仕事情報/営業スタッフ（日系物流会社・ロジスティック倉庫事業部）/1631965,2025-12-13
https://kyujin.careerlink.asia/thailand/仕事情報/営業-保険商品/1844235,2025-12-13
https://kyujin.careerlink.asia/thailand/仕事情報/営業マネージャ（プラスチック製造販売）/2213556,2025-12-13
https://kyujin.careerlink.asia/thailand/仕事情報/ビジネス-デベロップメント-マネージャ-ー-エアコン・家庭用電化製品/1353342,2025-12-13
https://kyujin.careerlink.asia/thailand/仕事情報/空調設備工事・管工事施工管理者/2356306,2025-12-13
https://kyujin.careerlink.asia/thailand/仕事情報/itシステム・インテグレーションセールス/1645181,2025-12-13
https://kyujin.careerlink.asia/vietnam/仕事情報/営業スタッフ-アパレル製品/2658429,2025-12-13
https://kyujin.careerlink.asia/thailand/仕事情報/営業-国籍不問-金属加工装置メーカ/1936690,2025-12-13
https://kyujin.careerlink.asia/thailand/仕事情報/営業-空調用ダクト製造・施行会社/1449345,2025-12-13
https://kyujin.careerlink.asia/thailand/仕事情報/ビジネスアナリスト-itコンサルタント/2866326,2025-12-13
https://kyujin.careerlink.asia/thailand/仕事情報/営業-建設・建築/2579990,2025-12-13
https://kyujin.careerlink.asia/thailand/仕事情報/営業-プリント基板製造装置・化学薬品/2505439,2025-12-13
https://kyujin.careerlink.asia/vietnam/仕事情報/物流業界経験者歓迎！法人向けセールスマーケティング職/2866223,2025-12-13
https://kyujin.careerlink.asia/vietnam/仕事情報/設計管理者（建築設備設計オフショア）/2670004,2025-12-13
https://kyujin.careerlink.asia/thailand/仕事情報/電気・制御エンジニア-自動化システム/2809915,2025-12-13
https://kyujin.careerlink.asia/thailand/仕事情報/営業-不動産販売）/2865910,2025-12-13
https://kyujin.careerlink.asia/thailand/仕事情報/営業（物流・倉庫）/2829455,2025-12-13
https://kyujin.careerlink.asia/thailand/仕事情報/営業（建築・建設メーカ）/2809921,2025-12-13
https://kyujin.careerlink.asia/thailand/仕事情報/営業-自動車部品/2850917,2025-12-13
https://kyujin.careerlink.asia/thailand/仕事情報/it-システム営業/1964430,2025-12-13
https://kyujin.careerlink.asia/thailand/仕事情報/営業スタッフ/2809910,2025-12-13
https://kyujin.careerlink.asia/thailand/仕事情報/機械設計エンジニア-自動化システム/2809913,2025-12-13
https://kyujin.careerlink.asia/vietnam/仕事情報/marketing-cum-sales-staff/1819149,2025-12-13
https://kyujin.careerlink.asia/thailand/仕事情報/【駐在員・タイ】経理アシスタントマネージャ/2512694,2025-12-13
https://kyujin.careerlink.asia/thailand/仕事情報/コールセンター-スーパーバイザー/2866323,2025-12-13
https://kyujin.careerlink.asia/vietnam/仕事情報/グローバル企業で電気技術者の最前線で活躍しよう/2866165,2025-12-13
https://kyujin.careerlink.asia/vietnam/仕事情報/プラスチック射出成形エンジニア/2526858,2025-12-13
https://kyujin.careerlink.asia/thailand/仕事情報/設備管理・メンテナンスサービス営業（省エネ商社・設備工事）/2001629,2025-12-13
https://kyujin.careerlink.asia/thailand/仕事情報/プレス金型設計エンジニア（自動車部品製造）/1613554,2025-12-13
https://kyujin.careerlink.asia/thailand/仕事情報/建築施工管理技術者（渡航費用会社負担-エンジニアリングカンパニー）/2088022,2025-12-13
https://kyujin.careerlink.asia/thailand/仕事情報/サービスデスクオペレーション（it企業）/2866327,2025-12-13
https://kyujin.careerlink.asia/thailand/仕事情報/組み立て管理者-半導体検査部品製造/2505461,2025-12-13
https://kyujin.careerlink.asia/vietnam/仕事情報/営業兼管理者候補者（機械販売）/2866070,2025-12-13
https://kyujin.careerlink.asia/vietnam/仕事情報/営業マネージャー-電気・電子部品/2833005,2025-12-13
https://kyujin.careerlink.asia/vietnam/仕事情報/セールスマネージャー-金属加工）/2456647,2025-12-13
https://kyujin.careerlink.asia/仕事情報/c/会計・税務/161,2025-12-13
https://kyujin.careerlink.asia/thailand/仕事情報/メッキ処理技術者/2241466,2025-12-13
https://kyujin.careerlink.asia/thailand/仕事情報/【語学-経験不問】テクニカルサポート-スタッフ/2372287,2025-12-13
https://kyujin.careerlink.asia/vietnam/仕事情報/製造技術兼自動機エンジニア/2866063,2025-12-13
https://kyujin.careerlink.asia/vietnam/仕事情報/営業スタッフ（省エネ商材販売）（本社採用）/2553798,2025-12-13
https://kyujin.careerlink.asia/thailand/仕事情報/製造アドバイザー（射出成型用金型）/1987016,2025-12-13
https://kyujin.careerlink.asia/vietnam/仕事情報/営業管理者（商社・製造業）/2740655,2025-12-13
https://kyujin.careerlink.asia/thailand/仕事情報/【経験不問】コーディネーター-（会計、税務、コンサルティング）/2589602,2025-12-13
https://kyujin.careerlink.asia/thailand/仕事情報/セールスコーディネーター-保険業界/2690706,2025-12-13
https://kyujin.careerlink.asia/thailand/仕事情報/品質部門ゼネラルマネージャまたは製造アドバイザー（自動車電子制御ユニット）/2720137,2025-12-13
https://kyujin.careerlink.asia/myanmar/仕事情報/アドミンマネージャー-建設/1918798,2025-12-13
https://kyujin.careerlink.asia/vietnam/仕事情報/電気設備エンジニア/2598445,2025-12-13
https://kyujin.careerlink.asia/vietnam/仕事情報/営業スタッフ（国際物流）/2865929,2025-12-13
https://kyujin.careerlink.asia/vietnam/仕事情報/営業部門管理者-梱包資材製造業/2834776,2025-12-13
https://kyujin.careerlink.asia/thailand/仕事情報/カストマーサービス（電子部品製造）/2310328,2025-12-13
https://kyujin.careerlink.asia/vietnam/仕事情報/統括料理長-日本食/2811549,2025-12-13
https://kyujin.careerlink.asia/thailand/仕事情報/sns監視オペレータ/2858819,2025-12-13
https://kyujin.careerlink.asia/vietnam/仕事情報/bpoセンター管理者-bpo/2866082,2025-12-13
https://kyujin.careerlink.asia/vietnam/仕事情報/製造技術（縫製・ハイフォン近郊）/2866328,2025-12-13
https://kyujin.careerlink.asia/thailand/仕事情報/建築技術・施工管理者/2809922,2025-12-13
https://kyujin.careerlink.asia/thailand/仕事情報/【語学不問】営業-空調用ダクト/2448130,2025-12-13
https://kyujin.careerlink.asia/thailand/仕事情報/3d-cg-アニメーター/2331082,2025-12-13
https://kyujin.careerlink.asia/vietnam/仕事情報/ロボットエンジニア/2054248,2025-12-13
https://kyujin.careerlink.asia/vietnam/仕事情報/カスタマーサポート（物流）/2835582,2025-12-13
https://kyujin.careerlink.asia/vietnam/仕事情報/営業（精密部品／加工）/2866368,2025-12-13
https://kyujin.careerlink.asia/vietnam/仕事情報/プレス金型技術者/2456311,2025-12-13
https://kyujin.careerlink.asia/thailand/仕事情報/建築・土木技術者-civil-engineer/1845002,2025-12-13
https://kyujin.careerlink.asia/vietnam/仕事情報/【ベトナム駐在】ゴム製品の技術責任者-–-日本品質を海外で展開！/2866338,2025-12-13
https://kyujin.careerlink.asia/vietnam/仕事情報/マーケティングプランナー（マネージャー候補-it受注）/2865987,2025-12-13
https://kyujin.careerlink.asia/vietnam/仕事情報/テスター-it/2637444,2025-12-13
https://kyujin.careerlink.asia/vietnam/仕事情報/営業スタッフ（b2b-飲料販売-フードサービス部門）※業界未経験可/2865989,2025-12-13
https://kyujin.careerlink.asia/vietnam/仕事情報/品質保証（食品加工工場）/2792174,2025-12-13
https://kyujin.careerlink.asia/vietnam/仕事情報/※業界未経験可！製造技術者（ems-商社）/2848830,2025-12-13
https://kyujin.careerlink.asia/vietnam/仕事情報/損害保険-営業マーケティング-エグゼクティブ/2866086,2025-12-13
https://kyujin.careerlink.asia/vietnam/仕事情報/ベトナム工場の品質保証部門で活躍！日系メーカーでキャリアアップ/2866316,2025-12-13
https://kyujin.careerlink.asia/vietnam/仕事情報/営業技術（基板実装）/2866018,2025-12-13
https://kyujin.careerlink.asia/thailand/仕事情報/航空貨物取扱管理者-エア-フレイトフォワーダー-物流会社/2194541,2025-12-13
https://kyujin.careerlink.asia/vietnam/仕事情報/編集者（情報誌）/2866377,2025-12-13
https://kyujin.careerlink.asia/thailand/仕事情報/総務・経理スタッフ/1882629,2025-12-13
https://kyujin.careerlink.asia/vietnam/仕事情報/税務・会計コンサルティング担当者/2245555,2025-12-13
https://kyujin.careerlink.asia/vietnam/仕事情報/金型マネージャー（射出、プレス、ダイキャスト）/2865886,2025-12-13
https://kyujin.careerlink.asia/vietnam/仕事情報/アルミダイカストエンジニア（本社採用：海外事業部）/2611366,2025-12-13
https://kyujin.careerlink.asia/vietnam/仕事情報/プラスチック射出成型用金型エンジニア/2606808,2025-12-13
https://kyujin.careerlink.asia/vietnam/仕事情報/開発窓口兼試験管理スタッフ-靴/2670177,2025-12-13
https://kyujin.careerlink.asia/blog/tag/ベトナムビザ/,2025-12-12
https://kyujin.careerlink.asia/thailand/コラム/タイの交通事情（鉄道編）,2025-12-12
https://kyujin.careerlink.asia/blog/tag/ベトナム語勉強/,2025-12-11
https://kyujin.careerlink.asia/blog/tag/ビッグc/,2025-12-11
https://kyujin.careerlink.asia/blog/category/カンボジア/,2025-12-10
https://kyujin.careerlink.asia/blog/tag/ロッテマート/,2025-12-10
https://kyujin.careerlink.asia/blog/tag/ベトナムチョコレート/,2025-12-10
https://kyujin.careerlink.asia/blog/tag/旧正月/,2025-12-09
https://kyujin.careerlink.asia/blog/tag/ホーチミンスパ/,2025-12-09
https://kyujin.careerlink.asia/blog/tag/携帯電話/,2025-12-09
https://kyujin.careerlink.asia/blog/category/gourmet/バー/,2025-12-08
https://kyujin.careerlink.asia/thailand/仕事情報/p/バンコク/BKK?page=2,2025-12-08
https://kyujin.careerlink.asia/blog/tag/ホイアン観光/,2025-12-08
https://kyujin.careerlink.asia/blog/tag/企業内転勤/,2025-12-07
https://kyujin.careerlink.asia/vietnam/仕事情報/営業スタッフ（省エネ商材販売）（本社採用）/2512783,2025-12-07
https://kyujin.careerlink.asia/blog/tag/技術・人文知識・国際業務/,2025-12-07
https://kyujin.careerlink.asia/vietnam/仕事情報/【人材業界で成長したい方！】求職者の未来をつなぐキャリアアドバイザー＠ホーチミン/2866376,2025-12-07
https://kyujin.careerlink.asia/blog/tag/grab/,2025-12-06
https://kyujin.careerlink.asia/thailand/job/list?page=25400,2025-12-06
https://kyujin.careerlink.asia/job/list?page=69980,2025-12-06
https://kyujin.careerlink.asia/philippines/コラム/Philippines-Visa,2025-12-05
https://kyujin.careerlink.asia/thailand/仕事情報/薬事アドバイザー-ecサイト/2866304,2025-12-04
https://kyujin.careerlink.asia/thailand/仕事情報/c/通訳・翻訳/179,2025-12-04
https://kyujin.careerlink.asia/thailand/仕事情報/データアナリスト-ecサイト/2866298,2025-12-04
https://kyujin.careerlink.asia/blog/tag/大使館/,2025-12-04
https://kyujin.careerlink.asia/vietnam/仕事情報/p/日本/JP,2025-12-03
https://kyujin.careerlink.asia/singapore/会社概要,2025-12-03
https://kyujin.careerlink.asia/blog/tag/ハッピーアワー/,2025-12-03
https://kyujin.careerlink.asia/blog/tag/ダナン/,2025-12-03
https://kyujin.careerlink.asia/blog/tag/ホーチミン観光/,2025-12-03
https://kyujin.careerlink.asia/blog/tag/pho-tai/,2025-12-02
https://kyujin.careerlink.asia/blog/tag/ベンタイン市場/,2025-12-02
https://kyujin.careerlink.asia/thailand/仕事情報/c/品質管理または品質保証/181,2025-12-02
https://kyujin.careerlink.asia/blog/tag/アフタヌーンティ/,2025-11-30
https://kyujin.careerlink.asia/vietnam/ベトナム生活情報,2025-11-30
https://kyujin.careerlink.asia/blog/tag/グエンフエ通り/,2025-11-29
https://kyujin.careerlink.asia/blog/tag/マンダリンオリエンタル/,2025-11-27
https://kyujin.careerlink.asia/blog/tag/ぼてぢゅう/,2025-11-26
https://kyujin.careerlink.asia/blog/tag/シックスセンシズ/,2025-11-26
https://kyujin.careerlink.asia/blog/tag/マジェスティックホテル/,2025-11-26
https://kyujin.careerlink.asia/blog/tag/貿易大学/,2025-11-25
https://kyujin.careerlink.asia/indonesia/就職情報/インドネシアについて。,2025-11-23
https://kyujin.careerlink.asia/blog/tag/業務代行/,2025-11-23
https://kyujin.careerlink.asia/blog/tag/インドネシア/,2025-11-22
https://kyujin.careerlink.asia/blog/tag/ベトナム口座開設/,2025-11-22
https://kyujin.careerlink.asia/blog/tag/ニャチャン/,2025-11-22
https://kyujin.careerlink.asia/blog/tag/日本円/,2025-11-22
https://kyujin.careerlink.asia/blog/tag/南北統一鉄道/,2025-11-22
https://kyujin.careerlink.asia/blog/tag/サイゴン大聖堂/,2025-11-20
https://kyujin.careerlink.asia/blog/tag/ヘアサロン/,2025-11-20
https://kyujin.careerlink.asia/blog/tag/日本語勉強/,2025-11-20
https://kyujin.careerlink.asia/blog/tag/ソムタムタイ/,2025-11-19
https://kyujin.careerlink.asia/thailand/仕事情報/p/ナコーンラーチャシーマー/30,2025-11-18
https://kyujin.careerlink.asia/blog/tag/jw-マリオット/,2025-11-17
https://kyujin.careerlink.asia/blog/tag/車/,2025-11-16
https://kyujin.careerlink.asia/vietnam/job/list?page=32476,2025-11-15
https://kyujin.careerlink.asia/blog/category/malaysia/langkawi/,2025-11-15
https://kyujin.careerlink.asia/仕事情報/company/在インドネシア日本大使館/325993,2025-11-14
https://kyujin.careerlink.asia/cambodia/就職情報/外国人の雇用,2025-11-13
https://kyujin.careerlink.asia/thailand/仕事情報/it-マネージャ-システム-エンジニア-チーム/2866297,2025-11-13
https://kyujin.careerlink.asia/thailand/仕事情報/営業マネージャ代理（オートメーション用ハーネス製品）/2866036,2025-11-13
https://kyujin.careerlink.asia/thailand/仕事情報/フロントエンドエンジニア/2866296,2025-11-12
https://kyujin.careerlink.asia/thailand/仕事情報/webデザイナー（ecサイト/2866302,2025-11-12
https://kyujin.careerlink.asia/thailand/仕事情報/webコンテンツ制作スタッフ（邦人向け現地情報ポータルサイト）/2866008,2025-11-12
https://kyujin.careerlink.asia/vietnam/仕事情報/dx化pm-製造業/2866143,2025-11-12
https://kyujin.careerlink.asia/vietnam/仕事情報/営業スタッフ（プラスチック製産業資材）/2866278,2025-11-12
https://kyujin.careerlink.asia/vietnam/job/list?page=32477,2025-11-12
https://kyujin.careerlink.asia/thailand/仕事情報/安全担当スタッフ（産業機器製造業）/2866005,2025-11-12
https://kyujin.careerlink.asia/vietnam/仕事情報/製造技術者（順送プレス）/2866035,2025-11-12
https://kyujin.careerlink.asia/vietnam/job/list?page=32481,2025-11-11
https://kyujin.careerlink.asia/blog/tag/ハノイ旅行/,2025-11-11
https://kyujin.careerlink.asia/blog/tag/ハノイ大学/,2025-11-11
https://kyujin.careerlink.asia/blog/tag/縮毛矯正/,2025-11-10
https://kyujin.careerlink.asia/vietnam/仕事情報/データ×マーケティング×グローバル！最先端b2bセールス職/2866257,2025-11-10
https://kyujin.careerlink.asia/blog/category/旅行/ホテル/,2025-11-10
https://kyujin.careerlink.asia/vietnam/仕事情報/要中国語｜営業部兼商品部職募集｜住宅手当＆帰国フライト費用サポートあり！/2866261,2025-11-10
https://kyujin.careerlink.asia/job/list?page=70863,2025-11-10
https://kyujin.careerlink.asia/blog/category/malaysia/malacca/,2025-11-09
https://kyujin.careerlink.asia/vietnam/仕事情報/素材・縫製に関する品質・効率改善および技術指導者/1381422,2025-11-09