上位のクエリ,クリック数,表示回数,CTR,掲載順位
マレーシア 郵便番号,441,946,46.62%,1.17
ロッテマート ハノイ,229,1259,18.19%,2.16
ベトナム 郵便番号,196,988,19.84%,2.16
ハノイ ロッテマート,171,791,21.62%,2.1
ハノイ イオン,125,561,22.28%,3.11
クアラルンプール 郵便番号,117,544,21.51%,1.24
ブンチャーハノイ,115,2212,5.2%,6.25
タイ 郵便番号,109,675,16.15%,2.07
シンガポール ビール,105,1693,6.2%,5.09
ハノイ ブンチャー おすすめ,103,495,20.81%,3.14
フォーティン ハノイ,98,894,10.96%,4.84
マレーシア ポストコード,94,198,47.47%,1
ホーチミン イオン,90,502,17.93%,3.59
ビンコムセンター ハノイ,85,362,23.48%,2.02
ハノイ ブンチャー,83,685,12.12%,5.05
イオンモール ハノイ,81,583,13.89%,3.58
ホーチミン 郵便番号,81,241,33.61%,1.33
ハノイ イオンモール,80,417,19.18%,2.69
ハノイ ショッピングモール,78,1024,7.62%,6.6
ブンチャー ハノイ,75,572,13.11%,5.64
ベトナム ロッテマート,72,278,25.9%,2.05
grab 支払い方法,71,1167,6.08%,4.15
ハノイ フォーティン,64,389,16.45%,4.87
ロッテセンター ハノイ,58,554,10.47%,2.59
ベトナム語 入力,58,205,28.29%,1.91
ハノイ お土産 スーパー,53,626,8.47%,6.01
マレーシア郵便番号,53,130,40.77%,1.01
ハノイ ロッテマート お土産,52,198,26.26%,2.6
ホーチミン イオンモール,52,197,26.4%,2.44
パソコン ベトナム語入力,52,78,66.67%,1
ハノイ お土産 ばらまき,51,450,11.33%,6.53
ハノイ 郵便番号,49,174,28.16%,1.14
ベトナム語 キーボード,47,291,16.15%,2.59
ロッテマート ハノイ お土産,47,88,53.41%,1.53
ベトナム イオンモール,46,576,7.99%,6.21
ベトナム シルク,45,185,24.32%,1.19
ロッテマート ベトナム,44,163,26.99%,2.02
ホーチミン チョコレート,43,450,9.56%,3.98
ホーチミン フォー おすすめ,42,726,5.79%,6.53
ダナン お土産 ばらまき,42,291,14.43%,5.64
カンボジア 大学,42,255,16.47%,2.09
vincom center ハノイ,41,109,37.61%,1.74
ハノイ スーパーマーケット,40,834,4.8%,7.49
ベトナム イオンモール ハノイ,39,237,16.46%,2.78
イオン ハノイ,38,208,18.27%,5.46
ベトナム シルク お土産,38,123,30.89%,2.16
ランカウイ島 ホテル 5つ星,37,476,7.77%,2.98
ミャンマー ビール,36,416,8.65%,5.21
シンガポール 大学 一覧,35,146,23.97%,2.16
ベトナム イオン,34,607,5.6%,9.89
イオンモール ホーチミン,34,265,12.83%,3.02
ホイアン 高級ホテル,34,262,12.98%,3.9
ハノイ デパート,34,253,13.44%,6.65
ハノイ ビンコムセンター,34,152,22.37%,1.78
マレーシア 住所,34,133,25.56%,2.31
パソコンでベトナム語入力,34,56,60.71%,1
イオンモール ロンビエン,33,247,13.36%,3.08
クアラルンプール ポストコード,33,207,15.94%,1.47
ベトナム 郵便番号 ホーチミン,33,73,45.21%,1.21
ハノイ 映画館,32,123,26.02%,1.9
ハノイ 韓国料理,32,116,27.59%,2.12
グラブ 支払い方法,31,739,4.19%,3.74
ハノイ ロッテモール,31,393,7.89%,6.36
ベトナム語入力,31,107,28.97%,1.95
クラビ ホテル 高級,30,324,9.26%,4.31
シンガポールのビール,30,101,29.7%,1.54
ミャンマービール,29,498,5.82%,5.38
ハノイロッテマート,29,188,15.43%,2.22
タイの郵便番号,29,111,26.13%,1.75
ニャチャン ホテル 高級,28,303,9.24%,4.11
pho thin ハノイ,26,481,5.41%,5.32
ブンチャー ハノイ おすすめ,26,104,25%,2.88
ベトナム イオン ホーチミン,26,77,33.77%,1.65
ニャチャン 高級ホテル,25,257,9.73%,5.57
ベトナム 郵便番号 検索,25,83,30.12%,2
ベトナムロッテマート,25,82,30.49%,1.99
マレーシア 郵便番号 どれ,25,70,35.71%,1
ホーチミン フォー,24,806,2.98%,7.77
コタキナバル 高級ホテル,24,217,11.06%,4.08
ホーチミン チョコレート専門店,24,78,30.77%,2.14
postcode マレーシア,24,63,38.1%,1
ハノイ ハイブランド,24,50,48%,1.02
マレーシア postcode,24,43,55.81%,1
ハノイ ラーメン,23,504,4.56%,5.08
ベトナム チョコレート ホーチミン,23,113,20.35%,2.14
マレーシア 住所 書き方,22,276,7.97%,3.43
マレーシアの郵便番号,22,55,40%,1
カンボジア大学,21,268,7.84%,1.96
ベトナム郵便番号,21,135,15.56%,1.9
ヴィンコムセンター ハノイ,21,79,26.58%,1.89
ホーチミン ベトナム語教室,21,57,36.84%,3.81
ハノイ デパート 高級,21,53,39.62%,1.13
ハノイ 買い物 ブランド,20,128,15.62%,1.56
ベトナム ロッテマート お土産,20,126,15.87%,3.53
クアラルンプール郵便番号,20,84,23.81%,1.23
ベトナム語 入力方法,20,63,31.75%,1.51
パラワン島 ホテル,19,718,2.65%,8.39
ホーチミン スーパーマーケット,19,710,2.68%,7.97
バッチャン焼き,19,620,3.06%,6.87
ハノイ お土産,19,424,4.48%,26.66
ハノイ ロッテセンター,19,206,9.22%,3.66
イオン ホーチミン,19,171,11.11%,3.65
ハノイ タイ湖,19,132,14.39%,2.83
ロッテマートハノイ,19,109,17.43%,2.11
ハノイ 百貨店,19,79,24.05%,2.37
ベトナム 郵便番号検索,19,68,27.94%,2.03
フォーティン,18,527,3.42%,7.73
バリ島 5つ星ホテル,18,456,3.95%,8.1
ハノイ イオンモール お土産,18,252,7.14%,4.83
ホーチミンイオンモール,18,100,18%,2.54
ロッテマート 写真,18,65,27.69%,2.74
シンガポールの大学一覧,18,50,36%,1.56
ベトナム ハノイ 郵便番号,18,49,36.73%,1.14
ホーチミン 高級ホテル,17,678,2.51%,10.68
ムイネー ホテル,17,494,3.44%,6.28
ロッテセンターハノイ,17,215,7.91%,2.66
チャンティエンプラザ,17,130,13.08%,3.96
ロッテモール ハノイ,16,623,2.57%,6.91
ホーチミン 5つ星ホテル,16,496,3.23%,7.63
イポー ホテル,16,444,3.6%,5.08
ホイアン ホテル 5つ星,16,369,4.34%,5.88
ハノイ 西湖,16,280,5.71%,6.81
grab 支払い,16,218,7.34%,3.22
ホーチミン フォー 有名店,16,217,7.37%,6.09
イオンモール タンフー,16,181,8.84%,3.85
イオンモールロンビエン,16,171,9.36%,2.69
ベトナム語 キーボード 打ち方,16,138,11.59%,4.46
ベトナムシルク,16,124,12.9%,1.32
ビンコム センター ハノイ,16,53,30.19%,2.09
ロッテセンターハノイ お土産,16,52,30.77%,2.17
タイ 住所 郵便番号,16,48,33.33%,1.29
ジョグジャカルタ ホテル,15,1202,1.25%,8.52
クラビ ホテル,15,1046,1.43%,13.41
ベトナムイオンモール,15,232,6.47%,5.83
タイ湖 ハノイ,15,90,16.67%,2.78
イオンモールハノイ,15,75,20%,3.29
ベトナム イオンモール ホーチミン,15,61,24.59%,4.44
ハノイ tシャツ お土産,15,59,25.42%,3.63
ホーチミン お土産,14,571,2.45%,25.92
シンガポールビール,14,304,4.61%,5.25
マラッカ ホテル 高級,14,270,5.19%,5.52
grab支払い方法,14,90,15.56%,3.79
grab 予約 時間指定 ベトナム,14,81,17.28%,2.12
ハノイ タイ料理,14,34,41.18%,1.5
ホーチミン 五つ星ホテル,13,312,4.17%,5.74
クラビ ホテル おすすめ,13,299,4.35%,9.65
バリ島 五つ星ホテル,13,281,4.63%,4.44
ベトナム人に日本語を教える 教材 無料,13,241,5.39%,6.47
バオソンパラダイス,13,184,7.07%,5.3
タイ湖,13,171,7.6%,4.3
フーコック 5つ星ホテル おすすめ,13,129,10.08%,5.05
ハノイイオンモール,13,120,10.83%,2.85
ベトナム大使館 ビザ 即日,13,96,13.54%,3.75
ハノイ 西湖 レストラン,13,81,16.05%,3.25
ベトナム ブンチャー ハノイ,13,68,19.12%,2.24
パラワン島 ホテル 高級,13,68,19.12%,2.34
タオディエン スパ,13,68,19.12%,4.53
ホーチミン イオン お土産,13,61,21.31%,3.34
ベトナムの郵便番号,13,53,24.53%,1.87
ベトナム ハノイ イオン,13,49,26.53%,2.47
シンガポール 有名大学,13,34,38.24%,1.44
windows ベトナム語 入力,13,19,68.42%,1
ホーチミン ホテル 高級,12,911,1.32%,9.63
ハノイ 求人,12,741,1.62%,15.45
ロッテセンターハノイ フロア ガイド,12,496,2.42%,9.11
バンコク大学,12,447,2.68%,4.61
grab 現金払い,12,441,2.72%,3.96
ジョグジャカルタ ホテル 高級,12,204,5.88%,3.9
コタキナバル ホテル 高級,12,203,5.91%,4.96
イオンモールビンタン,12,175,6.86%,4.26
バンコク ビール,12,128,9.38%,3.79
"ロッテマート cống vị, ba đình レビュー",12,110,10.91%,4.47
タイ郵便番号,12,92,13.04%,2.27
ロッテデパート ハノイ,12,90,13.33%,2.24
ベトナム お土産 ばらまき,12,86,13.95%,8.01
ハノイ ブンチャー 有名店,12,62,19.35%,2.82
ベトナム お土産 個包装,12,61,19.67%,4
アオザイ お土産,12,42,28.57%,1.86
ジョホールバル ホテル,11,1291,0.85%,10.4
タイ 大学,11,999,1.1%,5.48
ホーチミン ホテル 5つ星,11,425,2.59%,5.33
ハノイ スーパー,11,423,2.6%,7.85
ランカウイ ホテル 高級,11,335,3.28%,7.21
クラビ 高級ホテル,11,228,4.82%,6.38
ランカウイ 高級ホテル,11,226,4.87%,4.64
anchor ビール,11,157,7.01%,4.15
ハノイ モール,11,121,9.09%,3.6
グラブ 支払い,11,116,9.48%,3.09
ホーチミン お土産 ばらまき,11,108,10.19%,9.27
ベトナム求人,11,105,10.48%,17.56
ホイアン お土産 ばらまき,11,83,13.25%,5.47
ベトナム語キーボード,11,81,13.58%,2.74
ベトナム ばらまき土産,11,70,15.71%,6.97
シンガポール ビール お土産,11,56,19.64%,3.77
ベトナム イオン ハノイ,11,53,20.75%,2.19
クアラルンプール postcode,11,52,21.15%,1.44
フォーティン ハノイ 本店,11,47,23.4%,4.83
ハノイ ベトナム語教室,11,43,25.58%,3.07
ブンタウ ホテル,10,929,1.08%,8.9
ホーチミン スーパー,10,571,1.75%,8.22
イポー ホテル おすすめ,10,226,4.42%,7.33
ハノイ バー,10,193,5.18%,6.5
ニャチャン ホテル 5つ星,10,170,5.88%,7.52
フォー ティン ハノイ,10,151,6.62%,6.62
バンコク大学 ランキング,10,108,9.26%,4.58
ハノイ ばらまき土産,10,103,9.71%,7.08
ハノイ 大型スーパー,10,100,10%,4.79
ホーチミン チョコ,10,96,10.42%,3.23
タマヌオイル ハノイ,10,91,10.99%,4.15
イオン ロンビエン,10,82,12.2%,3.2
ハノイ 本屋,10,79,12.66%,3.44
バッチャン村 お土産,10,75,13.33%,5.04
ベトナム ばらまき土産 ハノイ,10,72,13.89%,7.67
ビンコムセンター メトロポリス,10,64,15.62%,3.28
郵便番号 ベトナム,10,61,16.39%,1.98
ハノイ お好み焼き,10,46,21.74%,2
コタキナバルホテル 高級,10,41,24.39%,2.68
ベトナム シルク パジャマ,10,41,24.39%,4.41
マレーシア 住所 郵便番号,10,27,37.04%,1
ベトナム語 パソコン 入力,10,18,55.56%,1
pc ベトナム語入力,10,14,71.43%,1
シアヌークビル ホテル,9,791,1.14%,4.76
ベトナム お土産,9,680,1.32%,37.26
ハノイ フォー おすすめ,9,463,1.94%,10.28
ダラット ホテル,9,437,2.06%,9.22
ホーチミン 求人,9,423,2.13%,18.99
バンコク 求人,9,412,2.18%,27.31
フォーベトナム ホーチミン,9,357,2.52%,7.12
ハノイ フォー 名店,9,346,2.6%,9.28
ホイアン ホテル 高級,9,342,2.63%,4.45
イオンモール ベトナム,9,268,3.36%,9.03
シンガポール お酒 有名,9,257,3.5%,4.33
ハノイ フォー,9,229,3.93%,11.19
ランカウイ 5つ星ホテル,9,185,4.86%,2.96
ジョグジャカルタ 高級ホテル,9,168,5.36%,3.76
ジョホールバル 高級ホテル,9,164,5.49%,3.52
カセサート大学,9,139,6.47%,4.04
ベトナムイオン,9,125,7.2%,8.73
ベトナム フォー おすすめ,9,110,8.18%,3.91
ハノイ 空港 お土産,9,107,8.41%,8.93
"ロッテマート cống vị, ba đình",9,101,8.91%,7.27
タマサート大学,9,100,9%,4.65
ハノイ tシャツ,9,94,9.57%,7.1
ベトナムチョコレート ばらまき,9,66,13.64%,7.26
マレーシア クアラルンプール 郵便番号,9,42,21.43%,1.17
ハノイ ドライフルーツ,9,40,22.5%,3.75
キャリアリンク ベトナム,9,13,69.23%,1
ニャチャン ホテル,8,1435,0.56%,17.35
マラッカ ホテル,8,1273,0.63%,12.28
タイ 求人,8,612,1.31%,24.67
ビンコムセンター,8,502,1.59%,9.39
ハノイ 映画,8,412,1.94%,3.45
ジョグジャカルタ ホテル おすすめ,8,329,2.43%,7.93
パラワン ホテル,8,306,2.61%,6.4
ハノイ 遊園地,8,193,4.15%,5.27
バンコク 郵便番号,8,190,4.21%,3.06
ジョホールバル ホテル 高級,8,171,4.68%,2.19
ホーチミン フォー 名店,8,134,5.97%,5.95
ロッテセンターハノイ フードコート,8,115,6.96%,5.81
サイゴンガールココナッツクッキー,8,87,9.2%,6.74
ハノイ シルク,8,80,10%,4.91
ベトナム シルク ホーチミン,8,75,10.67%,6.75
ハノイ 大きいスーパー,8,71,11.27%,4.42
postal code vietnam,8,70,11.43%,24.87
ブンチャーター,8,67,11.94%,3.94
ホーチミン フォー ランキング,8,66,12.12%,4.55
ベトナム 〒,8,56,14.29%,2.77
ブンタウ ホテル 高級,8,51,15.69%,3.39
ハノイ ブランド,8,47,17.02%,1.45
ホーチミン お土産 チョコレート,8,45,17.78%,2.71
ビール シンガポール,8,42,19.05%,1.93
ホーチミン チョコレート お土産,8,40,20%,3.45
ベトナム お菓子 ばらまき,8,39,20.51%,5.1
ホアヒン ホテル,7,909,0.77%,12.43
ホーチミン 台風,7,584,1.2%,8.25
ハノイ スーパーマーケット おすすめ,7,203,3.45%,6.66
ニャチャン ヒルトン,7,142,4.93%,3.51
バッチャン焼,7,104,6.73%,7.34
ホーチミン 高級スパ,7,86,8.14%,6.69
ホーチミンチョコレート,7,75,9.33%,3.69
ベトナムお土産 ばらまき,7,75,9.33%,8.6
イオンモールタンフー,7,74,9.46%,4.61
タイ バンコク 郵便番号,7,58,12.07%,2.69
ベトナム大使館 整理券,7,50,14%,8.58
ココナッツクッキー ホーチミン,7,46,15.22%,2.13
キーボード ベトナム語,7,44,15.91%,1.25
vietnam postal code search,7,33,21.21%,9.12
ベトナム お土産 職場,7,23,30.43%,2.35
ベトナム アオザイ お土産,7,13,53.85%,3.46
カンボジア 大学 ランキング,7,12,58.33%,1.08
フィリピン ビール,6,1108,0.54%,9.02
ホーチミン スパ,6,1102,0.54%,15.16
コタキナバル ホテル,6,983,0.61%,12.66
ブンチャー,6,767,0.78%,11.26
タイ 大学 ランキング,6,623,0.96%,7.86
タイ 現地採用 求人,6,466,1.29%,9.85
ホーチミン 気温 年間 グラフ,6,436,1.38%,1.72
近くのスーパーマーケット,6,261,2.3%,4.08
バリ 五つ星ホテル,6,244,2.46%,5.72
ペナン ホテル 高級,6,215,2.79%,6.58
ホーチミン 最高級ホテル,6,211,2.84%,5.61
ニャチャン 5つ星ホテル,6,203,2.96%,8.51
フーコック島 5つ星ホテル,6,196,3.06%,5.34
ダラット ホテル おすすめ,6,192,3.12%,8.47
イオンモール タンフーセラドン,6,185,3.24%,3.98
ホーチミン サービスアパート,6,184,3.26%,10.51
ホアヒン 高級ホテル,6,157,3.82%,5.54
シンガポール 五つ星ホテル,6,141,4.26%,6.67
ハノイスーパーマーケット,6,135,4.44%,7.21
シーナカリン ウィロー ト 大学 偏差値,6,130,4.62%,4.44
フォーティン ベトナム,6,96,6.25%,6.61
ベトナム ロッテモール,6,90,6.67%,5.51
ハノイ ショッピングモール お土産,6,79,7.59%,5.16
ベトナム スーパー ハノイ,6,58,10.34%,4.34
フーコック 5つ星ホテル,6,51,11.76%,5.37
pho thin ハノイ 本店,6,50,12%,5.18
ベトナム イオン お土産,6,49,12.24%,5.24
お好み焼き ハノイ,6,38,15.79%,2.03
フォーティーン ハノイ,6,34,17.65%,3.29
ロッテセンターハノイ ショップ,6,30,20%,4.6
マレーシア 郵便番号 クアラ ルンプール,6,24,25%,1
ベトナム お土産 会社,6,14,42.86%,4
バンコク大学 偏差値,5,338,1.48%,6.12
ジャカルタ 高級ホテル,5,311,1.61%,10.58
タイ 人材紹介,5,301,1.66%,7.66
タイの大学,5,292,1.71%,4.15
ペナン島 ホテル 高級,5,272,1.84%,4.57
ペナン島 高級ホテル,5,219,2.28%,6.73
フエ ホテル 高級,5,214,2.34%,6.29
ホーチミン 賃貸 おすすめ,5,213,2.35%,4.5
アンカービール,5,207,2.42%,5.22
クラビ おすすめ ホテル,5,185,2.7%,11.13
ノイバイ空港 免税店 ハイブランド,5,172,2.91%,8.55
ハノイ 免税店 ブランド,5,159,3.14%,6.32
春夏冬 ホーチミン,5,157,3.18%,7.54
バインミーラスク ハノイ,5,136,3.68%,7.79
ハノイショッピングモール,5,128,3.91%,6.47
ハノイ 西湖 観光,5,114,4.39%,4.75
pho thin hanoi,5,105,4.76%,11.87
バッチャン焼き ハノイ,5,103,4.85%,8.5
ホーチミン スーパーマーケット 1区,5,102,4.9%,5.31
チェンライ ホテル おすすめ,5,101,4.95%,10.96
ベトナム フォーティン,5,93,5.38%,7.19
vietnam postal code,5,93,5.38%,24.19
ベトナムtシャツ ハノイ,5,81,6.17%,4.42
バンコク ルーフトップバー,5,80,6.25%,6.89
イオンモール ハドン,5,76,6.58%,8.26
イオン ベトナム 店舗 一覧,5,74,6.76%,8.99
イオンモールタンフーセラドン,5,72,6.94%,4.1
オーブンチャー ハノイ,5,61,8.2%,3.89
ハノイ テーマパーク,5,60,8.33%,5.28
ハノイ pho thin,5,57,8.77%,5.32
台湾 ペニンシュラホテル,5,56,8.93%,2.8
ペナン島 5つ星ホテル,5,52,9.62%,2.46
ベトナム お土産 男性,5,47,10.64%,7.26
ホーチミン お土産 どこで 買う,5,46,10.87%,10.3
水利大学,5,43,11.63%,5.33
ベトナム フォー ホーチミン,5,27,18.52%,6.44
王立プノンペン大学 世界ランキング,5,25,20%,3.52
郵便番号 ベトナム 検索,5,18,27.78%,1.61
ロッテ百貨店 ハノイ,5,17,29.41%,2.06
シンガポール ビール 有名,5,16,31.25%,1.31
マレーシア 郵便番号 クアラルンプール,5,15,33.33%,1.6
ハノイ シルク パジャマ,5,14,35.71%,1
ベトナム 転職,4,468,0.85%,26.06
シンガポール 5つ星ホテル,4,330,1.21%,7.6
フォー ホーチミン,4,274,1.46%,7.99
インドネシア 現地採用 求人,4,241,1.66%,8.87
ハノイ 映画 スケジュール,4,160,2.5%,4.66
チェンマイ大学,4,156,2.56%,2.29
マヒドン大学,4,153,2.61%,1.79
ロッテマート,4,144,2.78%,5.38
ハノイ空港 お土産,4,132,3.03%,8.52
ホーチミン 高級ホテル ランキング,4,123,3.25%,12.44
グラブタクシー 支払い方法,4,117,3.42%,2.74
ハノイ アオザイ 購入,4,110,3.64%,8.51
ホーチミン フォー 人気店,4,106,3.77%,6.09
ホーチミン カフェ おしゃれ,4,104,3.85%,8.08
グラブ タクシー 支払い,4,103,3.88%,3.61
ホーチミン 高級ホテルランキング,4,99,4.04%,8.16
ハノイ スーパーマーケット お土産,4,98,4.08%,8.57
ベトナム お土産 お菓子,4,97,4.12%,16.78
ベトナム語 レッスン,4,88,4.55%,51.18
bun cha hanoi,4,87,4.6%,3.6
grab タクシー 支払い方法,4,86,4.65%,4.37
ハノイロッテモール,4,83,4.82%,6.52
ハノイ お土産ランキング,4,82,4.88%,4.7
ハノイ西湖,4,78,5.13%,6.04
ホーチミン 土産,4,74,5.41%,6.18
バンコク タイ語学校,4,73,5.48%,8.3
フォーチン,4,72,5.56%,9.29
ハノイ ラーメンランキング,4,71,5.63%,4.23
grab 支払い方法 現金,4,68,5.88%,2.57
バンコク タイ語学校 おすすめ,4,68,5.88%,5.71
ドンコイ通り フォー,4,65,6.15%,5.58
イオンモール ビンタン,4,61,6.56%,3.72
ダナン工科大学 偏差値,4,59,6.78%,4.78
ベトナムのイオンモール,4,57,7.02%,6.63
サイゴンランゲージスクール,4,55,7.27%,6.05
ラチャパット大学 レベル,4,54,7.41%,1.93
ベトナムお土産 ばらまき お菓子,4,53,7.55%,6.21
ブラパー大学 偏差値,4,52,7.69%,6.46
ホーチミン サービスアパート 1区,4,52,7.69%,7.31
パラワン島 ホテル おすすめ,4,51,7.84%,6.2
ハノイ フードコート,4,50,8%,5.16
ベトナム シルク スカーフ,4,49,8.16%,4.96
ベトナム 郵便番号 ない,4,46,8.7%,2.09
フォーティーン ベトナム,4,43,9.3%,5.74
王立 プノンペン大学 世界 ランキング,4,39,10.26%,2.23
タイ商工会議所大学 レベル,4,39,10.26%,2.9
ホーチミン お土産 買う場所,4,39,10.26%,8.74
ベトナム スーパー お土産,4,37,10.81%,15.05
ベトナム語辞書アプリ,4,35,11.43%,5.23
ダナン ばらまき土産,4,35,11.43%,8.06
日本語勉強 ベトナム人 アプリ,4,32,12.5%,5.53
ラジャマンガラ工科大学,4,28,14.29%,1.86
ベトナム お土産 アオザイ,4,25,16%,3.44
無印良品 ハノイ 限定,4,25,16%,7.44
バンコク ルーフトップ バー 安い,4,25,16%,8.44
ハノイ フォー ティン,4,24,16.67%,8.42
"ロッテマート cống vị, ba đình 写真",4,22,18.18%,3.41
シンガポールの大学 一覧,4,19,21.05%,1.26
ハノイ 土産 スーパー,4,19,21.05%,3.53
ベトナム ホーチミン 郵便番号,4,16,25%,1.06
mobifone simカード,4,16,25%,6.81
ぶんちゃ ハノイ,4,13,30.77%,2.62
ベトナム人 日本語勉強アプリ,4,8,50%,2.88
ベトナム 求人,3,530,0.57%,27.46
バリ 5つ星ホテル,3,469,0.64%,9.43
ランカウイ ホテル,3,434,0.69%,15.3
東南アジア 転職,3,429,0.7%,9.2
vpn フィリピン,3,425,0.71%,16.38
ベトナム チョコレート,3,416,0.72%,6.76
チェンマイ 5つ星ホテル,3,359,0.84%,7.74
東南アジア 求人,3,309,0.97%,12.34
ベトナム 春巻き 名前,3,302,0.99%,1.99
バンコク 経理 求人,3,294,1.02%,10.79
インドネシア 求人,3,293,1.02%,32.35
ホーチミン ベトナム語,3,279,1.08%,7.64
ベトナム スーパー,3,271,1.11%,11.01
グラブ 現金払い,3,263,1.14%,3.58
プーケット ホテル 5つ星,3,236,1.27%,13.1
香港 5つ星ホテル,3,232,1.29%,5.74
ペナン ホテル おすすめ,3,230,1.3%,14.57
ジョホールバル ホテル おすすめ,3,216,1.39%,9.71
ランカウイ島 高級ホテル,3,210,1.43%,5.77
西湖 ハノイ,3,191,1.57%,5.24
ホーチミン カフェ,3,178,1.69%,11.66
マレーシア イポー ホテル,3,177,1.69%,5.46
クラビ リゾートホテル,3,177,1.69%,8.86
ホイアン 5つ星ホテル,3,175,1.71%,7.26
クラビ ホテル ランキング,3,138,2.17%,5.64
vincom center,3,137,2.19%,4.49
アンカー ビール,3,135,2.22%,5.13
ホーチミン カフェ おすすめ,3,131,2.29%,9.73
イオン ベトナム,3,127,2.36%,9.62
タイ 湖,3,116,2.59%,4.69
ベトナム語教室,3,113,2.65%,57.13
富分 有秋台 閉店跡地 何ができる,3,110,2.73%,1.15
ランシット大学 レベル,3,108,2.78%,1.69
タイ クラフトビール,3,105,2.86%,8.83
ベトナム 日本語教師 求人,3,104,2.88%,24.99
grab 支払い方法 変更,3,102,2.94%,2.81
ホーチミン スーパー おすすめ,3,92,3.26%,4.91
ハノイ ショッピングセンター,3,88,3.41%,6.34
ホーチミン 大型スーパー,3,86,3.49%,6.91
ばっちゃん焼き,3,84,3.57%,6.44
グラブ支払い方法,3,83,3.61%,3.63
ホーチミン 日系スーパー,3,79,3.8%,3.34
ルオンヴァンカン通り,3,76,3.95%,5.08
シンガポール5つ星ホテル,3,70,4.29%,6.07
バッチャン村 おすすめ ショップ,3,67,4.48%,5.15
ノイバイ空港 お土産,3,65,4.62%,8.4
ホーチミン おすすめカフェ,3,64,4.69%,9.53
ベトナム キーボード,3,63,4.76%,3.11
ハノイ お土産 高級,3,61,4.92%,6.46
ベトナム語 ホーチミン,3,52,5.77%,7.25
ハノイ お土産 おしゃれ,3,51,5.88%,7.29
ロッテシネマ ハノイ,3,49,6.12%,4.8
grab 支払い 現金,3,49,6.12%,5.22
グラブタクシー 現金払い,3,48,6.25%,3.62
エビアンスパ ハノイ,3,47,6.38%,6.19
ホーチミン お土産屋さん,3,46,6.52%,7.87
ベトナム 遊園地 ハノイ,3,40,7.5%,4.9
チョコレート ホーチミン,3,39,7.69%,3.74
ハノイ ショッピングモール おすすめ,3,39,7.69%,6.95
サイゴンセンター スーパー,3,38,7.89%,3.53
カンボジア工科大学,3,37,8.11%,10.54
ホーチミン お土産 おしゃれ,3,37,8.11%,11.08
ハノイ お土産 どこで買う,3,33,9.09%,9.24
ハノイ アオザイ オーダー,3,33,9.09%,10.45
ロッテマート ハノイ フロアガイド,3,31,9.68%,4.65
ミーディン 韓国料理,3,30,10%,8.43
キャリアリンクアジア株式会社,3,29,10.34%,2.24
スーパー ホーチミン,3,28,10.71%,6.29
ハノイ お土産屋さん,3,28,10.71%,9.07
lotte mart hanoi,3,25,12%,3.64
ベトナム tシャツ ハノイ,3,25,12%,4.6
ランシット大学ランキング,3,24,12.5%,1.62
王立プノンペン大学 偏差値,3,23,13.04%,1.87
ハノイイオン,3,23,13.04%,2.83
ハノイ カシューナッツ,3,23,13.04%,14.09
ハノイ お土産 空港,3,22,13.64%,9.73
ホーチミン ココナッツクッキー,3,21,14.29%,2.81
オクターブ ルーフトップバー,3,21,14.29%,9.76
シーナカリンウィロート大学,3,20,15%,4.3
ベトナム ばら撒き土産,3,20,15%,4.8
post code vietnam,3,19,15.79%,19.21
malaysia postal code,3,18,16.67%,4.72
ハノイ ロッテデパート,3,17,17.65%,2.53
ミャンマーのビール,3,17,17.65%,3
taran. ハノイ,3,16,18.75%,1.31
ベトナム語 学校,3,15,20%,4.33
ハノイ タイ湖 観光,3,14,21.43%,2.21
timo vietnam,3,14,21.43%,2.64
ホーチミン イオン シャトルバス,3,12,25%,3.17
シーナカリンウィロート大学 ランキング,3,11,27.27%,1.82
バンコク ルーフトップバー ハッピーアワー,3,11,27.27%,2.36
韓国料理 ハノイ,3,10,30%,2
ベトナム シルクスカーフ,3,10,30%,4.2
ベトナム お土産 お菓子 個包装,3,9,33.33%,4.11
ベトナム語 キーボード入力,3,7,42.86%,1.43
ハノイ アクセサリーショップ,3,7,42.86%,8.29
シンガポール クラフトビール お土産,3,6,50%,2.33
ロッテモール お土産,3,6,50%,2.5
ホーチミン おもちゃ屋,3,6,50%,17.33
ロッテセンター ハノイ ショップ,3,3,100%,1.33
ホーチミン 天気,2,9627,0.02%,13.73
career link,2,849,0.24%,11.31
グラブ,2,780,0.26%,6.74
チェンライ ホテル,2,695,0.29%,14.7
ベトナム語翻訳アプリ 無料 おすすめ,2,572,0.35%,10.84
ペナン ホテル,2,514,0.39%,21.13
ベトナム 宗教,2,438,0.46%,11.73
ホーチミン スパ おすすめ,2,405,0.49%,14.2
バンコク 転職,2,361,0.55%,34.26
タイ 転職,2,339,0.59%,31.56
ベトナム キリスト教,2,312,0.64%,6.5
マレーシア大学ランキング,2,311,0.64%,9.73
バンコク 現地採用 求人,2,305,0.66%,11.1
スーパーマーケット,2,292,0.68%,6.7
ハイフォン 転職,2,288,0.69%,16.07
ホーチミンの高級ホテル,2,269,0.74%,7.74
ファンティエット ホテル,2,250,0.8%,11.5
セブ島 5つ星ホテル,2,227,0.88%,11.74
ホーチミン ラグジュアリーホテル,2,213,0.94%,9.02
アユタヤ 求人,2,213,0.94%,11.87
careerlink vietnam,2,212,0.94%,9.95
ホーチミン 転職,2,212,0.94%,20.96
タイ 現地採用,2,211,0.95%,10.56
タイ ビール,2,210,0.95%,16.36
ニャチャン 五つ星ホテル,2,195,1.03%,7.67
サムイ島 5つ星ホテル,2,181,1.1%,5.56
ベトナム 経理 求人,2,180,1.11%,18.76
ダラット ホテル 5つ星,2,177,1.13%,7.72
タイの大学ランキング,2,166,1.2%,8.95
marou チョコ どこで 売っ てる,2,163,1.23%,3.23
シンガポール 大学ランキング,2,161,1.24%,7.86
フォーティエン,2,160,1.25%,8.7
タイ 経理 求人,2,158,1.27%,18.26
タイ バイヤー 求人,2,156,1.28%,8.3
ホイアン 五つ星ホテル,2,155,1.29%,6.12
フエ 高級ホテル,2,152,1.32%,4.84
huong nguyen お菓子,2,129,1.55%,4.16
クラビ おすすめホテル,2,127,1.57%,12.58
タイガービール ベトナム,2,125,1.6%,6.65
ハノイ フォー 有名店,2,125,1.6%,10.57
ひまわりタイ語学校,2,124,1.61%,7.23
ロッテセンター ハノイ フロアガイド,2,120,1.67%,8.89
ハノイ カフェ おすすめ,2,119,1.68%,9.11
grab 自分の評価 見方,2,116,1.72%,5.28
ペナン島 ホテル おすすめ,2,115,1.74%,16.7
ラーメン ハノイ,2,113,1.77%,4.96
マレーシア工科大学 偏差値,2,113,1.77%,6.75
ベトナム 大学 ランキング,2,113,1.77%,9.09
クラビ ホテル 人気,2,111,1.8%,10.74
pho thin,2,110,1.82%,12.25
ハノイ 無印良品,2,108,1.85%,8.73
ハノイお土産ランキング,2,98,2.04%,7.13
ベトナム 口座開設 非居住者,2,98,2.04%,9.51
ベトナム お菓子,2,98,2.04%,32.82
ペニンシュラ 台湾,2,96,2.08%,6.68
フォー ハノイ,2,93,2.15%,13.59
ハノイブンチャー,2,92,2.17%,5.25
スーパーマーケット ホーチミン,2,90,2.22%,6.33
ホーチミン スパ シャワー,2,87,2.3%,10.93
プーケット 五 つ星ホテルランキング,2,86,2.33%,9.52
イオンベトナム,2,86,2.33%,11.27
ニャチャン ホテル ランキング,2,85,2.35%,15.98
ホーチミン スパ 高級,2,84,2.38%,7.88
タイ 国立大学,2,82,2.44%,3.39
カフェアパートメント,2,82,2.44%,9.1
スーパー富分,2,79,2.53%,5.81
シラパコーン大学 偏差値,2,78,2.56%,6.45
ベトナム デリバリー,2,76,2.63%,4.3
アソーク ラーメン,2,76,2.63%,9.14
ホーチミン お土産 どこで買う,2,76,2.63%,9.64
シンガポール クラフトビール,2,75,2.67%,9.23
ショッピングモール,2,72,2.78%,7.64
ハノイ ケーキ,2,71,2.82%,7.9
ホーチミン台風,2,71,2.82%,8.13
ハノイ スーパー お土産,2,70,2.86%,7.64
ブンチャーターハノイ,2,69,2.9%,3.12
grab 決済方法,2,69,2.9%,4.22
ベトナム 亀 食べる,2,65,3.08%,4.03
ロッテモールハノイ,2,65,3.08%,7.58
ホータイ ハノイ,2,64,3.12%,3.55
ベトナム ホーチミン 台風,2,63,3.17%,8.25
ハノイ 免税店,2,61,3.28%,9.34
ロッテマート ハノイ レストラン,2,60,3.33%,4.2
シンガポール ホテル 5つ星,2,58,3.45%,5.43
ホーチミン 日本スーパー,2,56,3.57%,7.88
ブンチャー34,2,56,3.57%,8.5
ベトナム フォー 有名店 ホーチミン,2,55,3.64%,6.2
ペニンシュラ香港 クラブ ラウンジ,2,55,3.64%,7.18
ハノイ イオンモール バス,2,53,3.77%,8.68
ホーチミン チョロン グルメ,2,52,3.85%,9.62
バンコク ラーメン,2,52,3.85%,26.87
バンコク ハッピーアワー,2,51,3.92%,5.08
ベトナム 銀行口座開設 非居住者,2,51,3.92%,10.37
ベトナム ビンコムセンター,2,50,4%,8.1
タイ現地採用,2,50,4%,10.52
ロッテセンター,2,49,4.08%,6.92
ベトナム人 日本語勉強,2,48,4.17%,10
香港5つ星ホテル,2,46,4.35%,5.39
ホーチミン インスタ映え カフェ,2,46,4.35%,9.3
ハノイ 高級スーパー,2,44,4.55%,7.48
ルーフトップバー バンコク,2,43,4.65%,8.67
バッチャン焼き 電子レンジ,2,42,4.76%,8.48
イオンベトナム 店舗,2,41,4.88%,4.88
ベトナム人 日本語勉強 アプリ,2,41,4.88%,6.46
ハノイ スーパー おすすめ,2,40,5%,6.97
ベトナム 土産,2,39,5.13%,39.82
グラブ バイク 2台,2,38,5.26%,7
ベトナム お菓子 お土産,2,38,5.26%,8.05
シンガポール 大学,2,38,5.26%,31.68
キャリアリンク,2,37,5.41%,4.49
ハノイ お土産 女子,2,37,5.41%,7.43
イオン タンフー,2,36,5.56%,4.72
ハノイ お土産 どこで 買う,2,36,5.56%,10.22
ベトナム スッポン,2,35,5.71%,4.03
チェンライ ホテル 高級,2,35,5.71%,6
ベトナム大学ランキング,2,35,5.71%,10.14
ベトナム 5つ星ホテル ホーチミン,2,33,6.06%,4.58
ベトナム ホーチミン お土産,2,33,6.06%,5.06
タイ ビール 種類,2,33,6.06%,9.64
ハノイ お土産 お菓子,2,33,6.06%,12.64
ホーチミン高級ホテルランキング,2,32,6.25%,8.06
ホーチミン 大きいスーパー,2,31,6.45%,4.87
ハノイ ホータイ,2,30,6.67%,2.53
ホーチミン スーパー 安い,2,30,6.67%,4.53
イオンモール,2,29,6.9%,7.97
グラブ 現金支払い,2,28,7.14%,1.93
ハノイ ロッテ,2,28,7.14%,5.89
ムイネー ホテル おすすめ,2,27,7.41%,4.41
チュラロンコン大学,2,27,7.41%,16.15
vietnam zip code,2,27,7.41%,17.15
バンコク タイ語教室,2,26,7.69%,8.08
ベトナム デリバリー アプリ,2,25,8%,5.88
ハノイ 名物,2,25,8%,11.28
ハノイ 土産,2,25,8%,17.56
マレーシアの住所の書き方,2,24,8.33%,2.67
ベトナム チョコレート ばらまき,2,24,8.33%,4.92
タイ 人材紹介会社,2,23,8.7%,5.13
ハノイ旧市街 観光,2,23,8.7%,7.13
タイ インターンシップ 大学生,2,22,9.09%,4.36
ホーチミン お土産買うなら,2,20,10%,6.95
ハノイお土産屋さん,2,20,10%,8.8
ホーチミン 1区 フォー,2,19,10.53%,4.89
ベトナム お土産 ばらまき お菓子,2,19,10.53%,5.58
ベトナム語 文字 変換,2,19,10.53%,5.95
ハノイ おしゃれカフェ,2,19,10.53%,9.63
ホーチミン,2,19,10.53%,18
ベトナム お土産 どこで買う,2,18,11.11%,6.44
ビックc,2,17,11.76%,5.88
セブ島 ハイアット,2,17,11.76%,5.94
grant e-visa valid from,2,16,12.5%,2.62
ホーチミン デリバリー,2,16,12.5%,3.25
フォー ホーチミン おすすめ,2,16,12.5%,6.5
シーナカリン大学,2,15,13.33%,2.13
ラムカムヘン大学 偏差値,2,15,13.33%,3.13
ベトナム シルク ストール,2,15,13.33%,6.87
ベトナム ばらまき土産 お菓子,2,15,13.33%,7.33
グラブ 時間単位で借りる,2,14,14.29%,10
ハノイ,2,14,14.29%,28.71
レッド ホース ビール,2,13,15.38%,2.85
ベトナム語 辞書 アプリ,2,13,15.38%,3.77
ベトナム シルクスカーフ 値段,2,13,15.38%,9.38
近くのチョコレート屋さん,2,12,16.67%,3.92
ベトナムサンダル お土産 ハノイ,2,12,16.67%,6.75
ベトナム スーパー 土産,2,12,16.67%,8.75
ハノイ デートスポット,2,12,16.67%,11.42
ホーチミン ピンクサウナ,2,11,18.18%,2.55
ベトナム サービスアパートメント,2,11,18.18%,7.73
abc ビール,2,11,18.18%,8.82
タイ語 学校 バンコク,2,11,18.18%,10.36
イオン,2,10,20%,1.4
韓国料理,2,10,20%,3.7
ハノイラーメン,2,10,20%,4.3
postcode malaysia,2,10,20%,4.8
postcode kuala lumpur,2,10,20%,5.6
ベトナム chatgpt,2,9,22.22%,2.56
ベトナム 子供 お土産,2,9,22.22%,17
ロッテマーケット,2,8,25%,2.25
"careerlink recruitment (thailand) co., ltd.",2,8,25%,8.25
the spa bar ホーチミン,2,8,25%,11.88
ベトナム 定期預金 やり方,2,8,25%,12.25
アオザイ 男性,2,8,25%,36
postal code malaysia,2,7,28.57%,3.29
ホーチミン 銭湯,2,7,28.57%,11
ベトナムチョコレート ホーチミン,2,6,33.33%,2
ベトナム バラマキ土産,2,6,33.33%,5.5
hanoi cinema,2,6,33.33%,6.5
ハノイ アクセサリー,2,6,33.33%,8.5
ベトナム 免税店 ヴィトン,2,6,33.33%,14
コタキナバル マリオット,2,6,33.33%,46
シーナカリン ウィロー ト 大学ランキング,2,5,40%,2.2
ホーチミン 耳かき おすすめ,2,5,40%,11.8
インドネシア求人 日本人,2,4,50%,15.75
アオナンビーチ ホテル おすすめ,2,4,50%,17.75
マレーシア 郵便番号 調べ方,2,3,66.67%,1
ベトナム 郵便番号 調べる,2,3,66.67%,1.67
スタンフォード国際大学,2,2,100%,3
ホーチミン ウォーターサーバー,2,2,100%,13
em hanoi お土産,2,2,100%,16
ホーチミン 刺繍 お店,2,2,100%,29.5
careerlink,1,4249,0.02%,11.12
ベトナム語翻訳,1,1275,0.08%,16.17
マレー語 翻訳,1,738,0.14%,11.73
アジア 求人,1,631,0.16%,23
ランカウイ島 ホテル,1,590,0.17%,16.96
プーケット 5つ星ホテル,1,518,0.19%,16.9
マニラ ホテル 高級,1,502,0.2%,19.69
シンガポール 労働時間,1,467,0.21%,4.42
近くのスーパー,1,436,0.23%,6.75
ホーチミン 天気 1 ヶ月,1,424,0.24%,10.67
ジャカルタ ホテル 高級,1,419,0.24%,11.53
郵便番号,1,415,0.24%,7.27
ベトナム チョコ,1,407,0.25%,4.92
ハノイ おすすめホテル,1,398,0.25%,9.97
マレーシア 大学 ランキング,1,393,0.25%,9.82
ハノイ 転職,1,380,0.26%,16.83
ベトナム wifi,1,370,0.27%,33.21
ペナン島 ホテル,1,367,0.27%,17.89
カセサート大学 偏差値,1,360,0.28%,8.11
ハノイ ショッピング,1,303,0.33%,13.98
ベトナム ブンタウ ホテル,1,293,0.34%,9.12
チェンマイ大学 偏差値,1,292,0.34%,7.39
ベトナムの宗教は何ですか,1,286,0.35%,9.51
マレーシア ジョホールバル ホテル,1,277,0.36%,11.68
マラッカ ホテル おすすめ,1,274,0.36%,11.5
ニャチャン ホテル おすすめ,1,271,0.37%,14.33
プノンペン ホテル おすすめ,1,266,0.38%,14.31
ハノイ ビジネスホテル,1,265,0.38%,13.09
タイガービール どこ,1,256,0.39%,10.57
バンコク ホテル コスパ,1,255,0.39%,18.68
フィリピンビール,1,253,0.4%,8.89
マニラ 高級ホテル,1,251,0.4%,15.35
ベトナム 五つ星ホテル,1,237,0.42%,12.95
富分 ハノイ,1,230,0.43%,9.7
バッチャン村,1,229,0.44%,3.73
タイ大学ランキング,1,229,0.44%,8.01
タイ大学,1,228,0.44%,5.24
ジャカルタ ホテル 5つ星,1,228,0.44%,12.52
マラッカ おすすめホテル,1,223,0.45%,11.59
ハノイ ホテル 求人,1,219,0.46%,23.82
コタキナバルホテル,1,217,0.46%,12.82
フィリピン パラワン島 ホテル,1,215,0.47%,8.28
ホアヒン ホテル 高級,1,209,0.48%,8.56
ベトナム 最高級ホテル,1,209,0.48%,14.44
シンガポールの五つ星ホテル,1,208,0.48%,4.37
インドネシア 転職,1,208,0.48%,29.97
ブンタウ ホテル おすすめ,1,203,0.49%,9.49
ペナン 高級ホテル,1,200,0.5%,5.14
ダナン 求人,1,188,0.53%,23.09
ホーチミン ホテル おすすめ,1,188,0.53%,34.32
求人 インドネシア,1,186,0.54%,33.01
ホーチミン スパ 男性 おすすめ,1,184,0.54%,8.6
プノンペン ホテル 高級,1,181,0.55%,9.86
バリ5つ星ホテル,1,176,0.57%,5.63
ホーチミン サービスアパートメント,1,175,0.57%,10.03
バリ ホテル 5つ星,1,172,0.58%,5.72
ラーメン,1,171,0.58%,6.95
セブ島 五つ星ホテル,1,171,0.58%,13.91
ホーチミン高級ホテル,1,169,0.59%,11.03
シアヌークビルホテル,1,168,0.6%,6.1
アオザイ,1,164,0.61%,14.85
コタキナバル 五つ星ホテル,1,162,0.62%,3.11
ベトナム 焼肉,1,161,0.62%,1.76
ベトナム simカード,1,161,0.62%,36.4
プーケット 五つ星ホテル,1,160,0.62%,13.03
ベトナム vpn,1,157,0.64%,7
セブ島 ホテル 5つ星,1,156,0.64%,14.4
プノンペン 高級ホテル,1,155,0.65%,10.79
サムイ ホテル 高級,1,155,0.65%,15.75
シンガポール 高級ホテル,1,154,0.65%,29.32
ベトナム ホテル ランキング,1,153,0.65%,39.27
チェンマイ 五つ星ホテル,1,149,0.67%,6.37
パラワン ホテル おすすめ,1,149,0.67%,7.85
バリ島の五つ星ホテル,1,147,0.68%,3.55
コタキナバル 5つ星ホテル,1,145,0.69%,3.13
サムイ島 五つ星ホテル,1,144,0.69%,6
ベトナム ホテル 求人,1,144,0.69%,23.18
香港 ホテル 5つ星,1,143,0.7%,7.76
シンガポールの大学,1,143,0.7%,9.71
スパ,1,142,0.7%,13.09
ベトナム 教育 求人,1,141,0.71%,12.63
vpn ベトナム,1,140,0.71%,8.44
ダラットホテル,1,137,0.73%,13.27
イポーホテル,1,136,0.74%,5.31
パタヤ 5つ星ホテル,1,136,0.74%,11.97
チェンライホテル,1,136,0.74%,12.99
ランカウイ ホテル 5つ星,1,134,0.75%,3.1
ベトナム 映画館,1,134,0.75%,7.72
ハノイ 日本語 求人,1,134,0.75%,25.28
タイ 大学ランキング 偏差値,1,131,0.76%,8.21
ウブド 5つ星ホテル,1,131,0.76%,15.08
ホイアン ホテル 5 つ 星,1,130,0.77%,5.37
バリ ホテル ランキング,1,129,0.78%,35.84
パタヤ ホテル ランキング,1,124,0.81%,22.27
ベトナム語 教室,1,124,0.81%,57.69
タイ 郵便番号 10110,1,123,0.81%,10.33
ブラパー大学,1,122,0.82%,11.11
春巻き ベトナム語,1,120,0.83%,3.09
スーパーマーケット ハノイ,1,119,0.84%,8.13
ハノイ 映画 上映中,1,117,0.85%,5.56
ホーチミン 観光,1,115,0.87%,5.21
grub 使い方,1,114,0.88%,3.43
ジョホールバル 5つ星ホテル,1,113,0.88%,5.62
パタヤ ホテル おすすめ,1,110,0.91%,47.56
香港 五つ星ホテル,1,109,0.92%,6.35
タイ 大学ランキング,1,109,0.92%,8.42
プーケット 高級ホテル ランキング,1,107,0.93%,22.04
ベトナム チョコ 有名,1,105,0.95%,5.79
grab 予約 時間指定,1,105,0.95%,9.91
パタヤ 五つ星ホテル,1,103,0.97%,13.34
ホアヒン ホテル おすすめ,1,103,0.97%,13.95
ランシット大学,1,101,0.99%,3.94
イオンモールベトナム,1,99,1.01%,8.72
ハノイ 旧市街 スーパーマーケット,1,95,1.05%,8.16
ベトナム カフェ,1,95,1.05%,46.62
ハノイ 映画 cgv,1,94,1.06%,6.48
バリ ラグジュアリーホテル,1,94,1.06%,13.69
ブンチャ,1,93,1.08%,8.62
ハノイ 日本語教師 求人,1,93,1.08%,29.25
バンコク 大学,1,92,1.09%,5.59
ホーチミン vipマッサージ おすすめ,1,91,1.1%,15.34
富分 ベトナム,1,90,1.11%,7.88
スラナリー工科大学,1,90,1.11%,10.66
シンガポール ホテル おすすめ,1,90,1.11%,39.33
バンコク 現地採用,1,89,1.12%,10.81
ベトナム 台風 ホーチミン,1,87,1.15%,9.16
ベトナム 高級ホテル ホーチミン,1,87,1.15%,9.83
ベトナム チョコレート おすすめ,1,86,1.16%,7.74
ペナン島 おすすめホテル,1,85,1.18%,17.15
ホアヒン おすすめ ホテル,1,83,1.2%,16.22
ハノイ旧市街 スーパーマーケット,1,82,1.22%,7.99
バンコク デザイナー 求人,1,81,1.23%,23
ベトナム フードデリバリー,1,80,1.25%,3.08
ベトナム スーパーマーケット,1,80,1.25%,6.22
タマサート大学 ランキング,1,80,1.25%,9.12
ホーチミン おしゃれカフェ,1,79,1.27%,9.01
ベトナム vpn おすすめ,1,79,1.27%,11.71
映画館 上映時間 ハノイ,1,77,1.3%,4.44
タイ語 レッスン,1,77,1.3%,45.92
ホーチミン スパ カップル,1,76,1.32%,9.72
ベトナム 大学,1,76,1.32%,28.45
ビンコムメガモール ハノイ,1,75,1.33%,7.27
ヴィンコムセンター,1,75,1.33%,8.09
フォー おすすめ,1,75,1.33%,23.97
brgマート ハノイ,1,72,1.39%,9.32
ハノイ文庫,1,71,1.41%,4.52
グラブ 現金,1,70,1.43%,3.57
タニヤ ラーメン,1,70,1.43%,6.07
マレー語翻訳 音声,1,70,1.43%,9.87
マヒドン大学 ランキング,1,69,1.45%,4.94
エカマイ ラーメン,1,69,1.45%,9.46
cgv ハノイ,1,68,1.47%,7.79
ハノイ お土産 おすすめ,1,67,1.49%,9.97
ハノイ 動物園,1,67,1.49%,10.07
ベトナム陶器,1,65,1.54%,3.66
ホーチミン フォー 1区,1,65,1.54%,7.06
ベトナム 生春巻き 名前,1,64,1.56%,3.81
vpn おすすめ ベトナム,1,64,1.56%,4.97
タマサート大学 偏差値,1,64,1.56%,8.91
タイ vpn,1,64,1.56%,9.59
ホーチミン 温泉,1,63,1.59%,6.75
フォー ベトナム,1,62,1.61%,21.84
ホーチミンスパ,1,61,1.64%,12.41
ぶんちゃ,1,60,1.67%,5.58
フォー ハノイ おすすめ,1,60,1.67%,8.8
ハノイ 買い物,1,59,1.69%,20.58
マレーシア vpn,1,58,1.72%,8.69
ビッグシー,1,58,1.72%,34.29
ロッテマート ハノイ フロア ガイド,1,57,1.75%,5.14
ベトナム フォー 有名店,1,57,1.75%,7.21
ベトナム語翻訳アプリおすすめ,1,57,1.75%,10.35
グラッブ,1,56,1.79%,4.45
ベトナム限定,1,56,1.79%,4.59
ダラット パレス ホテル,1,56,1.79%,16.5
バッチャン焼き ベトナム語,1,55,1.82%,3.96
grab 現金払い できない,1,55,1.82%,5.13
ハノイ動物園,1,55,1.82%,9.65
landing visa とは,1,54,1.85%,5.04
ベトナム お土産 ホーチミン,1,54,1.85%,5.06
mai anh,1,53,1.89%,3.38
ホーチミンフォー,1,53,1.89%,6.89
イオンモールハドン,1,53,1.89%,8.4
ホーチミン エステ,1,53,1.89%,14.51
bun cha ha noi,1,51,1.96%,5.14
ベトナム ハノイ スーパー,1,51,1.96%,8
ベトナム 仕事,1,51,1.96%,23.12
アサンプション大学 偏差値,1,50,2%,6.26
近くのスーパーマーケット 現在営業中,1,49,2.04%,4.63
インドネシア 現地採用,1,49,2.04%,12.67
ハノイ 旧市街,1,49,2.04%,16.39
海外 郵便番号 調べ 方,1,48,2.08%,4.62
ホーチミン マッサージ,1,48,2.08%,41.5
ベトナム語 打ち方,1,47,2.13%,3.57
タイ 大学 偏差値,1,47,2.13%,6
シンガポールマネジメント大学 ランキング,1,47,2.13%,6.02
お土産 ホーチミン,1,47,2.13%,6.72
ホーチミン ピンク サウナ,1,46,2.17%,2.65
香港五つ星ホテル,1,46,2.17%,6.59
ショッピングモール ハノイ,1,46,2.17%,8.39
ホーチミン お土産 スーパー,1,46,2.17%,8.96
ノイバイ空港 免税店 ブランド,1,46,2.17%,9.17
ベトナム語レッスン,1,46,2.17%,51.76
バッチャン焼き 本物 見分け方,1,45,2.22%,5.31
タイビール おすすめ,1,45,2.22%,8.84
grab 現金払い 設定,1,44,2.27%,3.02
シンガポール ホテル 五つ星,1,44,2.27%,4
ホーチミンホテル 高級,1,44,2.27%,9.61
カフェアパートメント ホーチミン,1,44,2.27%,12.77
ホーチミン 台風情報,1,43,2.33%,8.19
マレーシア 大学ランキング,1,43,2.33%,9.12
ホーチミン 業務スーパー,1,43,2.33%,9.26
ホーチミン カフェ 有名,1,43,2.33%,9.49
バッチャン焼き 特徴,1,42,2.38%,1.86
マヒドン大学ランキング,1,42,2.38%,4.62
ベトナム ホーチミン フォー,1,42,2.38%,7.76
ンガウンデレ 大学 偏差値,1,41,2.44%,1.44
abcビール,1,41,2.44%,7.73
ホーチミン 日本食,1,41,2.44%,16.66
カンボジア 大学進学率,1,40,2.5%,6.17
堀越美紀,1,40,2.5%,7.35
ビンコム センター フロア マップ,1,40,2.5%,7.75
ハノイ お土産屋,1,40,2.5%,9.03
ホーチミンのスーパーマーケット,1,39,2.56%,5.72
ハノイ ショッピングモール 最大,1,39,2.56%,9.05
ロッテセンターハノイ レストラン,1,39,2.56%,9.33
東南アジア 仕事,1,39,2.56%,10.26
マレー語 レッスン,1,39,2.56%,25.64
ロンビエン イオン,1,38,2.63%,3.18
timo 口座 開設,1,38,2.63%,31.63
シンガポール お酒 おすすめ,1,37,2.7%,3.73
インドネシア大学ランキング,1,37,2.7%,5.32
ホーチミン 石焼フォー,1,37,2.7%,7.22
サムイ島 ホテル おすすめ ブログ,1,37,2.7%,8.59
ランカウイ ホテル おすすめ,1,37,2.7%,18
grub 支払い方法,1,36,2.78%,2.53
タイ vpn 無料,1,36,2.78%,2.83
バンコク タイ語学校 安い,1,36,2.78%,6.39
ホーチミン 美味しいフォー,1,36,2.78%,7.31
ホーチミン ハロウィン,1,36,2.78%,7.78
バンコク ホテル 高級 新しい,1,36,2.78%,16.11
ホーチミン おすすめ スパ,1,36,2.78%,30.92
ロッテセンターハノイ 営業 時間,1,35,2.86%,5.6
北スマトラ大学,1,35,2.86%,9.49
ベトナム チョコ お土産,1,34,2.94%,6.03
ハノイ アオザイ 購入 安い,1,34,2.94%,9
ロイヤルシティ ハノイ,1,34,2.94%,11.71
シェムリアップ ホテル おすすめ,1,34,2.94%,35.68
ジャカルタ 高級ホテルランキング,1,33,3.03%,5.48
タイ語学校 バンコク,1,33,3.03%,8.52
ベトナム 求人 日本人,1,33,3.03%,13.42
postcode vietnam,1,33,3.03%,33
ココナッツクラッカー ハノイ,1,32,3.12%,4.34
フォー ベトナム ホーチミン,1,32,3.12%,6.94
ベトナム 住所 書き方 dhl,1,32,3.12%,7.91
brexa indonesia,1,32,3.12%,8.44
ベトナム ショッピングモール,1,32,3.12%,8.81
サムイ島 ホテル 高級,1,32,3.12%,24.31
ベトナム はちみつ スーパー,1,31,3.23%,4.58
マリーナベイサンズ 星,1,31,3.23%,4.68
ジャカルタ 高級ホテル ランキング,1,31,3.23%,5.68
ハノイ ホテルランキング,1,31,3.23%,8.03
ビンコム センター スーパー,1,31,3.23%,10.16
bun cha ta hanoi,1,31,3.23%,10.39
grab プレミアム,1,30,3.33%,4
フィリピン ビール おすすめ,1,30,3.33%,5.33
ハノイ アウトレットモール,1,30,3.33%,6.93
クアラルンプール大学 偏差値,1,30,3.33%,9.77
grab car plusとは,1,29,3.45%,2.21
kasetsart university ランキング,1,29,3.45%,7.66
chatgpt vietnam,1,29,3.45%,13.48
バリ島五つ星ホテル,1,28,3.57%,3.36
シンガポール 5つ星ホテル おすすめ,1,28,3.57%,4.75
イオンベトナム 店舗 一覧,1,28,3.57%,7.32
バンコク ラーメン プロンポン,1,28,3.57%,7.89