上位のページ,クリック数,表示回数,CTR,掲載順位
https://kyujin.careerlink.asia/blog/ハノイ・ロッテマート/,1557,13163,11.83%,5.45
https://kyujin.careerlink.asia/blog/マレーシアの郵便番号/,1404,10597,13.25%,5.36
https://kyujin.careerlink.asia/blog/ベトナムの郵便番号/,1294,13246,9.77%,9.86
https://kyujin.careerlink.asia/blog/ハノイイオンモール/,895,9264,9.66%,6.28
https://kyujin.careerlink.asia/blog/パソコンでベトナム語入力/,859,6682,12.86%,4.31
https://kyujin.careerlink.asia/blog/ブンチャーハノイ/,737,10331,7.13%,6.76
https://kyujin.careerlink.asia/blog/ハノイのお土産/,679,14277,4.76%,10.72
https://kyujin.careerlink.asia/blog/ホーチミンイオンモール/,667,8501,7.85%,6.49
https://kyujin.careerlink.asia/blog/わかると便利！-grabの使い方/,666,41408,1.61%,7.36
https://kyujin.careerlink.asia/blog/ベトナムのお土産/,616,9219,6.68%,12.5
https://kyujin.careerlink.asia/blog/ハノイのビンコムセンター/,458,5208,8.79%,6.93
https://kyujin.careerlink.asia/thailand/コラム/thai-university-ranking,454,18142,2.5%,5.94
https://kyujin.careerlink.asia/blog/ハノイで最初に行くべきフォーのお店！『pho-thin（フ/,389,5310,7.33%,7.73
https://kyujin.careerlink.asia/blog/ベトナムみやげ-シルク/,371,2701,13.74%,4.99
https://kyujin.careerlink.asia/blog/シンガポールで有名なおすすめのビール10選/,349,5378,6.49%,6.17
https://kyujin.careerlink.asia/blog/ホーチミンチョコレート/,328,7738,4.24%,5.61
https://kyujin.careerlink.asia/blog/ハノイタイ湖周辺観光地/,314,4141,7.58%,6.7
https://kyujin.careerlink.asia/blog/タイの郵便番号/,311,4070,7.64%,14.1
https://kyujin.careerlink.asia/blog/ホーチミンのフォー/,310,8715,3.56%,8.88
https://kyujin.careerlink.asia/blog/ホーチミンのおすすめお土産/,289,6563,4.4%,12.95
https://kyujin.careerlink.asia/blog/チャンティエンプラザ/,284,3709,7.66%,6.8
https://kyujin.careerlink.asia/cambodia/コラム/cambodia-university-ranking,268,2153,12.45%,3.75
https://kyujin.careerlink.asia/blog/ハノイのおすすめショッピングモール/,251,5169,4.86%,8.25
https://kyujin.careerlink.asia/blog/ホーチミンのおすすめスーパーマーケット/,212,8272,2.56%,7.78
https://kyujin.careerlink.asia/blog/ハノイのおすすめスーパーマーケット/,198,6163,3.21%,8.43
https://kyujin.careerlink.asia/blog/ハノイ韓国料理/,176,1845,9.54%,6.67
https://kyujin.careerlink.asia/blog/ホーチミンスパ/,164,8314,1.97%,14.73
https://kyujin.careerlink.asia/blog/コタキナバルおすすめの高級5つ星ホテル/,152,3166,4.8%,10.82
https://kyujin.careerlink.asia/blog/ホーチミン・ベトナム語教室/,148,2331,6.35%,18.97
https://kyujin.careerlink.asia/blog/ニャチャンおすすめの高級5つ星ホテル/,142,4843,2.93%,12.69
https://kyujin.careerlink.asia/blog/ホーチミン在住者おすすめの高級５つ星ホテル/,138,16504,0.84%,20.97
https://kyujin.careerlink.asia/blog/クラビおすすめの高級５つ星ホテル/,138,5202,2.65%,10.69
https://kyujin.careerlink.asia/blog/ランカウイおすすめの高級5つ星ホテル/,136,4611,2.95%,10.37
https://kyujin.careerlink.asia/blog/バリ島おすすめの高級5つ星ホテル/,122,13941,0.88%,14.97
https://kyujin.careerlink.asia/vietnam/コラム/vietnam-university-ranking,122,5017,2.43%,10.45
https://kyujin.careerlink.asia/blog/ベトナムみやげ-バッチャン焼き/,120,4996,2.4%,6.43
https://kyujin.careerlink.asia/blog/ハノイ映画館/,115,3431,3.35%,5.42
https://kyujin.careerlink.asia/blog/for-japanese-leaners/,111,1431,7.76%,9.91
https://kyujin.careerlink.asia/blog/ミャンマーのビール/,102,1439,7.09%,5.6
https://kyujin.careerlink.asia/blog/パラワン島おすすめの高級5つ星ホテル/,101,2781,3.63%,8.91
https://kyujin.careerlink.asia/blog/ベトナムみやげ-アオザイ/,100,2264,4.42%,12.24
https://kyujin.careerlink.asia/blog/ホイアンおすすめの高級5つ星ホテル/,98,3716,2.64%,21.08
https://kyujin.careerlink.asia/blog/ハノイ・ビッグc/,98,1119,8.76%,8.05
https://kyujin.careerlink.asia/blog/タイ・バンコクのハッピーアワーを楽しめるルー/,90,2314,3.89%,14.57
https://kyujin.careerlink.asia/blog/ハノイのおすすめフォーレストラン5選/,88,4138,2.13%,11.63
https://kyujin.careerlink.asia/blog/ジョグジャカルタおすすめの高級5つ星ホテル/,88,3616,2.43%,10.43
https://kyujin.careerlink.asia/blog/ベトナムで携帯電話使い方ガイド/,88,2842,3.1%,15.95
https://kyujin.careerlink.asia/blog/バンコク・タイ語教室/,86,2975,2.89%,18.39
https://kyujin.careerlink.asia/singapore/コラム/singapore-university-ranking,86,1127,7.63%,7.34
https://kyujin.careerlink.asia/blog/ペナンおすすめの高級5つ星ホテル/,85,4966,1.71%,13.1
https://kyujin.careerlink.asia/blog/timoの口座開設/,84,993,8.46%,12.23
https://kyujin.careerlink.asia/blog/【ハノイ】日本語の本（書籍）が読める場所５ヶ/,81,1578,5.13%,4.11
https://kyujin.careerlink.asia/blog/ホーチミンのお薦めサービスアパート10選/,79,8982,0.88%,21.99
https://kyujin.careerlink.asia/blog/ハノイのバー/,74,2246,3.29%,10.05
https://kyujin.careerlink.asia/blog/ダラットおすすめホテル/,67,1855,3.61%,10.55
https://kyujin.careerlink.asia/vietnam,66,4310,1.53%,28.58
https://kyujin.careerlink.asia/blog/ハノイラーメンマップ/,66,2125,3.11%,6.86
https://kyujin.careerlink.asia/blog/ハノイ・ベトナム語教室/,63,1043,6.04%,19.73
https://kyujin.careerlink.asia/,59,7422,0.79%,25.91
https://kyujin.careerlink.asia/blog/ムイネーおすすめの高級ホテル/,59,1338,4.41%,9.19
https://kyujin.careerlink.asia/blog/マラッカおすすめの高級5つ星ホテル/,58,3633,1.6%,11.51
https://kyujin.careerlink.asia/blog/タイのビール/,57,2147,2.65%,10.09
https://kyujin.careerlink.asia/blog/ジョホールバルおすすめの高級ホテル/,56,3759,1.49%,10.3
https://kyujin.careerlink.asia/blog/ホーチミンおすすめのカフェ/,55,2950,1.86%,12.43
https://kyujin.careerlink.asia/blog/フーコックおすすめの高級5つ星ホテル/,55,1904,2.89%,14.33
https://kyujin.careerlink.asia/blog/ブンタウおすすめの高級ホテル/,54,2630,2.05%,10.24
https://kyujin.careerlink.asia/blog/イポーおすすめの高級ホテル/,54,1899,2.84%,8.82
https://kyujin.careerlink.asia/blog/シンガポールおすすめの高級５つ星ホテル/,52,3709,1.4%,14.89
https://kyujin.careerlink.asia/blog/ホーチミンの年間天気・天気予報サイト/,50,21185,0.24%,12.23
https://kyujin.careerlink.asia/thailand/job/list,50,7528,0.66%,24.51
https://kyujin.careerlink.asia/blog/ハノイのテーマパーク『バオソンパラダイス』に/,49,940,5.21%,7.12
https://kyujin.careerlink.asia/blog/ハノイおすすめカフェ12選/,47,2506,1.88%,10.7
https://kyujin.careerlink.asia/blog/ベトナムでchatgptを使う/,47,832,5.65%,5.19
https://kyujin.careerlink.asia/blog/hanoi-thaifoods/,47,775,6.06%,20.2
https://kyujin.careerlink.asia/singapore/singapore-university-ranking,46,1391,3.31%,8.44
https://kyujin.careerlink.asia/blog/駐日ベトナム大使館/,45,3313,1.36%,15.42
https://kyujin.careerlink.asia/blog/ハノイのスパ/,44,1484,2.96%,15.84
https://kyujin.careerlink.asia/blog/ホーチミン市完全個室接待の店春夏冬/,41,1119,3.66%,9.72
https://kyujin.careerlink.asia/blog/ハノイのケーキ屋/,41,766,5.35%,10.49
https://kyujin.careerlink.asia/blog/クアラルンプールマレー語教室/,41,755,5.43%,19.91
https://kyujin.careerlink.asia/blog/台北ておすすめの高級5つ星ホテル/,39,3527,1.11%,16.57
https://kyujin.careerlink.asia/indonesia/job/list,39,2725,1.43%,28.2
https://kyujin.careerlink.asia/vietnam/仕事情報/p/ハノイ/HN,38,10267,0.37%,21.79
https://kyujin.careerlink.asia/blog/フアヒンおすすめの高級5つ星ホテル/,38,2832,1.34%,11.3
https://kyujin.careerlink.asia/blog/シアヌークビルおすすめの高級5つ星ホテル/,37,1941,1.91%,7.81
https://kyujin.careerlink.asia/blog/香港おすすめの高級5つ星ホテル/,36,3538,1.02%,10.92
https://kyujin.careerlink.asia/blog/ハノイの日本人向けビジネスホテル/,36,2205,1.63%,16.65
https://kyujin.careerlink.asia/blog/タイ人材紹介会社/,34,1771,1.92%,10.49
https://kyujin.careerlink.asia/blog/フードデリバリーアプリ/,33,1567,2.11%,9.13
https://kyujin.careerlink.asia/blog/ホーチミンの会計事務所/,32,1033,3.1%,23.6
https://kyujin.careerlink.asia/indonesia/コラム/indonesia-university-ranking,31,2067,1.5%,13.29
https://kyujin.careerlink.asia/blog/フエおすすめの高級5つ星ホテル/,30,2947,1.02%,12.23
https://kyujin.careerlink.asia/blog/ハノイの旧市街おすすめス観光スポット/,30,1753,1.71%,11.76
https://kyujin.careerlink.asia/blog/ホーチミンマッサージ/,30,1027,2.92%,44.3
https://kyujin.careerlink.asia/blog/フィリピンのビール/,28,2773,1.01%,8.77
https://kyujin.careerlink.asia/blog/ホーチミンのフォトジェニックなおしゃれなカフ/,28,1724,1.62%,11.11
https://kyujin.careerlink.asia/blog/日本人に大人気のスーパー、ハノイの富分に行っ/,26,2070,1.26%,6.8
https://kyujin.careerlink.asia/blog/サムイ島おすすめの高級5つ星ホテル/,25,2777,0.9%,20.78
https://kyujin.careerlink.asia/blog/ハノイのお好み焼き/,25,665,3.76%,6.69
https://kyujin.careerlink.asia/blog/ジャカルタおすすめの高級5つ星ホテル/,24,7169,0.33%,14.95
https://kyujin.careerlink.asia/blog/チェンライおすすめの高級ホテル/,24,1373,1.75%,12.95
https://kyujin.careerlink.asia/thailand,23,5480,0.42%,33.91
https://kyujin.careerlink.asia/blog/ベトナムの宗教/,23,4057,0.57%,9.71
https://kyujin.careerlink.asia/blog/セブおすすめ高級5つ星ホテル/,23,2613,0.88%,17.16
https://kyujin.careerlink.asia/blog/チェンマイおすすめの高級5つ星ホテル/,23,1389,1.66%,16.53
https://kyujin.careerlink.asia/vietnam/VietnamLabourLaw/LabourContract,23,180,12.78%,6.12
https://kyujin.careerlink.asia/vietnam/仕事情報/p/ホーチミン/HCM,22,7810,0.28%,23.86
https://kyujin.careerlink.asia/thailand/仕事情報/c/経理・財務/160,22,1075,2.05%,14.7
https://kyujin.careerlink.asia/blog/ベトナムのビール/,20,1239,1.61%,10.52
https://kyujin.careerlink.asia/blog/ファンティエットおすすめの高級ホテル/,20,752,2.66%,13.39
https://kyujin.careerlink.asia/thailand/就職情報/労働許可証,19,1108,1.71%,25.63
https://kyujin.careerlink.asia/blog/タイ・バンコクのコスパホテル/,19,1069,1.78%,19.49
https://kyujin.careerlink.asia/blog/ホーチミンで英語学校/,19,739,2.57%,11.03
https://kyujin.careerlink.asia/blog/パタヤおすすめの高級5つ星ホテル/,18,1458,1.23%,23.91
https://kyujin.careerlink.asia/blog/intern-thailand/,18,278,6.47%,12.57
https://kyujin.careerlink.asia/blog/ベトナム語/,17,7125,0.24%,14.93
https://kyujin.careerlink.asia/blog/ベトナムみやげ-チョコレート/,17,847,2.01%,10.91
https://kyujin.careerlink.asia/thailand/コラム/BangkokRamen-Asok-PhromPhong,17,636,2.67%,13.14
https://kyujin.careerlink.asia/blog/ハノイのおすすめ高級5つ星ホテル/,16,9663,0.17%,16.06
https://kyujin.careerlink.asia/vietnam/job/list,16,4780,0.33%,26.94
https://kyujin.careerlink.asia/blog/マレーシアの郵便番号/#i,15,3334,0.45%,2.42
https://kyujin.careerlink.asia/blog/プーケットおすすめの高級5つ星ホテル/,15,2900,0.52%,17.76
https://kyujin.careerlink.asia/blog/プノンペンておすすめの高級5つ星ホテル/,15,2247,0.67%,18.32
https://kyujin.careerlink.asia/singapore/コラム/シンガポールの工業団地,15,739,2.03%,5.11
https://kyujin.careerlink.asia/vietnam/仕事情報/c/教育-訓練-日本語教師/204,15,668,2.25%,28.64
https://kyujin.careerlink.asia/blog/ハノイのフォー・ガー専門店『mai-anh（マイ・アイン/,15,389,3.86%,10.87
https://kyujin.careerlink.asia/blog/ホーチミン市内で国際交流ができるイベントまと/,15,236,6.36%,11.19
https://kyujin.careerlink.asia/blog/クアラルンプールおすすめの高級5つ星ホテル/,13,2115,0.61%,16.49
https://kyujin.careerlink.asia/malaysia/コラム/malaysia-university-ranking,13,1491,0.87%,9.86
https://kyujin.careerlink.asia/blog/ベトナムおすすめのvpn/,13,1202,1.08%,9
https://kyujin.careerlink.asia/blog/マレーシアで携帯電話使い方ガイド/,13,1131,1.15%,14.34
https://kyujin.careerlink.asia/thailand/コラム/BangkokRamen-Silom-Saladaeng,13,349,3.72%,11.01
https://kyujin.careerlink.asia/vietnam/ベトナム生活情報/Vietnam-ArrivalVisa,13,286,4.55%,12.22
https://kyujin.careerlink.asia/blog/本場中華が食べられる！ホーチミンの中華街、チ/,13,237,5.49%,15.09
https://kyujin.careerlink.asia/vietnam/コラム/ベトナムの工業団地,12,2619,0.46%,21.07
https://kyujin.careerlink.asia/vietnam/仕事情報/c/cadオペレーター（建築）・製図/165,12,140,8.57%,17.16
https://kyujin.careerlink.asia/blog/キンマー通りのフォーレストラン『pho-bo-ly-quoc-su』/,12,130,9.23%,13.09
https://kyujin.careerlink.asia/malaysia/malaysia-university-ranking,11,1505,0.73%,9.44
https://kyujin.careerlink.asia/blog/ベトナムホーチミンのオススメ夜景スポット-４選/,11,408,2.7%,8.81
https://kyujin.careerlink.asia/blog/ハノイイオンモール/#i,10,5196,0.19%,4.33
https://kyujin.careerlink.asia/blog/マニラおすすめの高級5つ星ホテル/,10,3611,0.28%,18.51
https://kyujin.careerlink.asia/blog/フィリピンおすすめvpn/,10,1223,0.82%,10.9
https://kyujin.careerlink.asia/blog/ホーチミンのおすすめ日本食ランチ3選/,10,758,1.32%,14.18
https://kyujin.careerlink.asia/blog/ハノイの有名フォーレストラン『pho-gia-truyen（フォー・/,10,456,2.19%,9.81
https://kyujin.careerlink.asia/blog/人生で初めてのバーバーをベトナムで食べに行っ/,10,347,2.88%,6.2
https://kyujin.careerlink.asia/vietnam/ベトナム生活情報/hanoi-accounting,10,164,6.1%,23.07
https://kyujin.careerlink.asia/blog/ベトナム北端のハザン/,10,145,6.9%,16.1
https://kyujin.careerlink.asia/キャリアリンク会社概要,10,128,7.81%,11.8
https://kyujin.careerlink.asia/blog/バンコクのおすすめ5つ星ホテル/,9,3070,0.29%,35.15
https://kyujin.careerlink.asia/blog/マレー語翻訳/,9,2015,0.45%,10.99
https://kyujin.careerlink.asia/blog/フォンニャー・ケバン国立公園/,9,777,1.16%,9.38
https://kyujin.careerlink.asia/blog/女子必見！ホーチミンの安カワおすすめネイルサ/,9,390,2.31%,21.26
https://kyujin.careerlink.asia/vietnam/仕事情報/p/バクニン/BN,9,347,2.59%,22.03
https://kyujin.careerlink.asia/blog/category/intern/,9,143,6.29%,19.1
https://kyujin.careerlink.asia/thailand/会社概要,9,112,8.04%,11.86
https://kyujin.careerlink.asia/blog/ホーチミン市・浄水器のしゅん/,9,111,8.11%,10.78
https://kyujin.careerlink.asia/blog/マレーシアの郵便番号/#16,8,3775,0.21%,2.41
https://kyujin.careerlink.asia/indonesia/仕事情報/p/ジャカルタ/JK,8,2606,0.31%,29.3
https://kyujin.careerlink.asia/blog/ホイアン旅行/,8,1274,0.63%,41.66
https://kyujin.careerlink.asia/philippines/コラム/philippines-university-ranking,8,1111,0.72%,11.82
https://kyujin.careerlink.asia/vietnam/VietnamLabourLaw/WorkingTime,8,602,1.33%,22.69
https://kyujin.careerlink.asia/blog/ハノイの安全野菜宅配サービス「しゅん」/,8,503,1.59%,7.27
https://kyujin.careerlink.asia/blog/ベトナムの日本語教育/,8,433,1.85%,13.3
https://kyujin.careerlink.asia/malaysia/コラム/マレーシアの労働事情（１）,8,309,2.59%,7.16
https://kyujin.careerlink.asia/blog/ベトナムの郵便番号/#i-3,7,2821,0.25%,2.51
https://kyujin.careerlink.asia/blog/ランカウイおすすめの高級5つ星ホテル/#_The_Datai_Langkawi,7,2403,0.29%,4.7
https://kyujin.careerlink.asia/blog/ダナンおすすめの高級5つ星ホテル/,7,1166,0.6%,27.13
https://kyujin.careerlink.asia/indonesia,7,1072,0.65%,30.99
https://kyujin.careerlink.asia/blog/タイおすすめvpn/,7,910,0.77%,7.76
https://kyujin.careerlink.asia/blog/インドネシアおすすめのvpn/,7,706,0.99%,7.42
https://kyujin.careerlink.asia/blog/マレーシアおすすめのvpn/,7,649,1.08%,7.84
https://kyujin.careerlink.asia/blog/シンガポールおすすめのvpn/,7,558,1.25%,9.01
https://kyujin.careerlink.asia/philippines/就職情報/雇用許可証,7,276,2.54%,11
https://kyujin.careerlink.asia/blog/ベトナム料理/,6,3272,0.18%,7.23
https://kyujin.careerlink.asia/blog/ベトナム日本国大使館/,6,999,0.6%,10.8
https://kyujin.careerlink.asia/blog/ベトナム・ハノイのおすすめ市内観光スポット/,6,947,0.63%,29.59
https://kyujin.careerlink.asia/vietnam/仕事情報/c/品質管理または品質保証/181,6,784,0.77%,10.75
https://kyujin.careerlink.asia/vietnam/コラム/ベトナムの大学-日越大学,6,265,2.26%,10.98
https://kyujin.careerlink.asia/blog/タイ・チェンマイでコスパのいいホテル8選/,6,213,2.82%,38.64
https://kyujin.careerlink.asia/thailand/仕事情報/航空貨物カスタマーサービス担当（フルリモートワーク-タイ国内）/2866193,6,165,3.64%,25.68
https://kyujin.careerlink.asia/blog/レンタルro浄水器/,6,107,5.61%,13.22
https://kyujin.careerlink.asia/blog/予約が取れないと噂の「寿司酒場-きよ田」へ行っ/,6,104,5.77%,12.64
https://kyujin.careerlink.asia/blog/ホーチミンの賃貸オフィスを契約する/,6,96,6.25%,17.99
https://kyujin.careerlink.asia/blog/tag/海外インターン/,6,81,7.41%,17.84
https://kyujin.careerlink.asia/blog/ブンチャーハノイ/#34_Bun_cha_34,5,6106,0.08%,5.18
https://kyujin.careerlink.asia/blog/ホーチミンイオンモール/#i-4,5,4320,0.12%,4.54
https://kyujin.careerlink.asia/blog/ベトナムの郵便番号/#i,5,2810,0.18%,2.84
https://kyujin.careerlink.asia/blog/ソウルおすすめの高級5つ星ホテル/,5,1357,0.37%,21.14
https://kyujin.careerlink.asia/blog/ベトナム旅行のレンタルwi-fi/,5,1179,0.42%,24.54
https://kyujin.careerlink.asia/blog/ホーチミンの人気観光地/,5,845,0.59%,14.73
https://kyujin.careerlink.asia/job/list,5,659,0.76%,34.17
https://kyujin.careerlink.asia/blog/タイで携帯電話使い方ガイド/,5,615,0.81%,42.4
https://kyujin.careerlink.asia/thailand/コラム/タイの工業団地（１）,5,427,1.17%,15.14
https://kyujin.careerlink.asia/blog/ホーチミン-ラーメンマップ/,5,367,1.36%,13
https://kyujin.careerlink.asia/blog/ヤギの焼肉/,5,365,1.37%,5.69
https://kyujin.careerlink.asia/blog/ホーチミンでアオザイ体験/,5,342,1.46%,25.42
https://kyujin.careerlink.asia/vietnam/ベトナム生活情報/Vietnam-Evisa,5,313,1.6%,32.8
https://kyujin.careerlink.asia/malaysia/コラム/マレーシアの工業団地,5,261,1.92%,7.36
https://kyujin.careerlink.asia/vietnam/ベトナム生活情報/Vietnam-Visa,5,247,2.02%,67.16
https://kyujin.careerlink.asia/blog/ホーチミンのハロウィンを満喫してきました/,5,203,2.46%,9.58
https://kyujin.careerlink.asia/blog/ハノイ動物園に行ってきました！/,5,190,2.63%,9.86
https://kyujin.careerlink.asia/blog/日本とベトナムって何が違うの？？？/,5,87,5.75%,8.8
https://kyujin.careerlink.asia/blog/internship/,5,76,6.58%,17.62
https://kyujin.careerlink.asia/blog/はじめましてインターン生の三浦です。/,5,11,45.45%,8.45
https://kyujin.careerlink.asia/blog/ホーチミンイオンモール/#i,4,4318,0.09%,4.54
https://kyujin.careerlink.asia/blog/ベトナムの郵便番号/#63,4,4139,0.1%,2.63
https://kyujin.careerlink.asia/blog/ハノイ・ロッテマート/#i,4,1862,0.21%,6.5
https://kyujin.careerlink.asia/blog/シェムリアップおすすめの高級5つ星ホテル/,4,1610,0.25%,19.31
https://kyujin.careerlink.asia/vietnam/仕事情報/c/it/188,4,1211,0.33%,18.14
https://kyujin.careerlink.asia/vietnam/就職情報/労働許可証,4,836,0.48%,36.69
https://kyujin.careerlink.asia/vietnam/仕事情報/3dグラフィックデザイナー（ゲーム）/1638384,4,811,0.49%,11.52
https://kyujin.careerlink.asia/malaysia,4,797,0.5%,32.38
https://kyujin.careerlink.asia/thailand/タイ生活情報/Thailand-Visa,4,585,0.68%,64.49
https://kyujin.careerlink.asia/仕事情報/c/品質管理または品質保証/181,4,499,0.8%,17.75
https://kyujin.careerlink.asia/thailand/仕事情報/p/アユタヤ/14,4,460,0.87%,10.42
https://kyujin.careerlink.asia/vietnam/仕事情報/p/ハイフォン/HP,4,442,0.9%,7.81
https://kyujin.careerlink.asia/blog/タイ-バンコク両替所ナビ/,4,422,0.95%,41.68
https://kyujin.careerlink.asia/blog/ホーチミンで行っておきたいフォーレストラン/,4,289,1.38%,12.98
https://kyujin.careerlink.asia/thailand/コラム/BangkokRamen-Thonglor-Ekamai,4,224,1.79%,13.53
https://kyujin.careerlink.asia/blog/ハノイぼてぢゅう/,4,162,2.47%,7.36
https://kyujin.careerlink.asia/vietnam/仕事情報/c/建築・土木/164,4,96,4.17%,16.43
https://kyujin.careerlink.asia/vietnam/仕事情報/海外で小学校教員として活躍！ハノイで小学校教諭募集/2866306,4,53,7.55%,18.06
https://kyujin.careerlink.asia/blog/ブンチャーハノイ/#Dac_Kim,3,6118,0.05%,5.18
https://kyujin.careerlink.asia/blog/ハノイイオンモール/#i-2,3,4866,0.06%,4.33
https://kyujin.careerlink.asia/blog/パソコンでベトナム語入力/#Windows,3,4593,0.07%,3.79
https://kyujin.careerlink.asia/blog/ホーチミン・ベトナム語教室/#ZEN,3,972,0.31%,6.01
https://kyujin.careerlink.asia/vietnam/仕事情報/c/経理・財務/160,3,896,0.33%,15.68
https://kyujin.careerlink.asia/仕事情報/c/製造管理/182,3,716,0.42%,26.91
https://kyujin.careerlink.asia/thailand/仕事情報/総務・経理スタッフ/1882629,3,694,0.43%,25.81
https://kyujin.careerlink.asia/singapore/コラム/singapore-university-ranking#NUS,3,537,0.56%,5.02
https://kyujin.careerlink.asia/thailand/仕事情報/c/仕入れ・バイヤー/158,3,482,0.62%,10.61
https://kyujin.careerlink.asia/vietnam/コラム/ベトナムの大学-ベトナム国家大学ハノイ校,3,408,0.74%,15.87
https://kyujin.careerlink.asia/vietnam/仕事情報/【新規開業のクリニックでの募集】日本人-内科医/2866628,3,345,0.87%,11.24
https://kyujin.careerlink.asia/vietnam/仕事情報/c/ホテル・宿泊施設サービス/163,3,268,1.12%,27.19
https://kyujin.careerlink.asia/blog/ホーチミンのおすすめファッションビル/,3,262,1.15%,20.5
https://kyujin.careerlink.asia/blog/どう過ごす！？南国ホーチミンのクリスマス/,3,240,1.25%,12.32
https://kyujin.careerlink.asia/blog/ホーチミンの若者で賑わうカフェチェーン　phuc-long/,3,239,1.26%,8.99
https://kyujin.careerlink.asia/vietnam/仕事情報/開発窓口兼試験管理スタッフ-靴/2670177,3,224,1.34%,35.07
https://kyujin.careerlink.asia/blog/ベトナム人学生インターンシップに対する意識調/,3,180,1.67%,23.59
https://kyujin.careerlink.asia/blog/『halei』フットネイル体験ルポ-in-ha-noi/,3,126,2.38%,15.49
https://kyujin.careerlink.asia/vietnam/ベトナム生活情報/hcm_golfcourse,3,112,2.68%,26.87
https://kyujin.careerlink.asia/blog/chatuchak-market（チャトゥチャック・ウィークエンド・マー/,3,96,3.12%,28.21
https://kyujin.careerlink.asia/thailand/仕事情報/3d-cg-アニメーター/2331082,3,83,3.61%,31.28
https://kyujin.careerlink.asia/vietnam/仕事情報/プレス金型技術者/2456311,3,52,5.77%,30.48
https://kyujin.careerlink.asia/blog/chua-lang通りの若者で賑わうローカルレストラン『hoang-tung』/,3,44,6.82%,14.32
https://kyujin.careerlink.asia/blog/営業マンは歯が命！ベトナムのローカル歯医者へ/,3,36,8.33%,11.97
https://kyujin.careerlink.asia/blog/バンコクの日系ヘアーサロン/,3,26,11.54%,9.73
https://kyujin.careerlink.asia/thailand/仕事情報/電気・制御エンジニア-自動化システム/2809915,3,23,13.04%,26.35
https://kyujin.careerlink.asia/blog/ホーチミン在住者おすすめの高級５つ星ホテル/#Majestic_Hotel_Saigon,2,5034,0.04%,7.25
https://kyujin.careerlink.asia/blog/ホーチミンのおすすめスーパーマーケット/#i,2,4390,0.05%,7.03
https://kyujin.careerlink.asia/blog/パソコンでベトナム語入力/#Unikey,2,4240,0.05%,3.82
https://kyujin.careerlink.asia/blog/ホーチミン在住者おすすめの高級５つ星ホテル/#__The_Reverie_Saigon,2,4195,0.05%,6.84
https://kyujin.careerlink.asia/blog/マレーシアの郵便番号/#i-2,2,3029,0.07%,2.59
https://kyujin.careerlink.asia/blog/パソコンでベトナム語入力/#2,2,2575,0.08%,4.1
https://kyujin.careerlink.asia/vietnam/ベトナム生活情報/ho-chi-minh-search-apartments,2,2375,0.08%,47.85
https://kyujin.careerlink.asia/blog/シンガポールで有名なおすすめのビール10選/#i-2,2,2067,0.1%,6.27
https://kyujin.careerlink.asia/blog/ハノイのビンコムセンター/#ZARA,2,1467,0.14%,3.93
https://kyujin.careerlink.asia/singapore/シンガポールの労働事情part1,2,1239,0.16%,4.94
https://kyujin.careerlink.asia/thailand/仕事情報/p/バンコク/BKK,2,750,0.27%,38.28
https://kyujin.careerlink.asia/blog/ハノイ映画館/#CGV,2,606,0.33%,5.43
https://kyujin.careerlink.asia/vietnam/仕事情報/幼稚園教諭･保育士/1533288,2,527,0.38%,28.35
https://kyujin.careerlink.asia/thailand/job/list?page=3,2,392,0.51%,33.78
https://kyujin.careerlink.asia/vietnam/就職情報/vietnam-life,2,368,0.54%,12.63
https://kyujin.careerlink.asia/vietnam/仕事情報/テスター-it/2637444,2,345,0.58%,13.06
https://kyujin.careerlink.asia/thailand/仕事情報/c/貿易、国際業務/180,2,305,0.66%,8.77
https://kyujin.careerlink.asia/vietnam/仕事情報/設計管理者（建築設備設計オフショア）/2670004,2,238,0.84%,12.64
https://kyujin.careerlink.asia/vietnam/仕事情報/p/ダナン/DN,2,235,0.85%,12.33
https://kyujin.careerlink.asia/vietnam/仕事情報/サービスアパートメント-営業スタッフ/1941050,2,204,0.98%,18.06
https://kyujin.careerlink.asia/thailand/仕事情報/オンライン授業運用サポート-経験不問-（語学学校）/2179005,2,199,1.01%,24.95
https://kyujin.careerlink.asia/仕事情報/c/cadオペレーター（建築）・製図/165,2,161,1.24%,28.02
https://kyujin.careerlink.asia/singapore/コラム/シンガポールの労働事情part1,2,146,1.37%,8.82
https://kyujin.careerlink.asia/vietnam/コラム/hanoi-ramen,2,138,1.45%,11.01
https://kyujin.careerlink.asia/blog/タイ語を習おう/,2,135,1.48%,13.43
https://kyujin.careerlink.asia/thailand/仕事情報/和食料理人/2167353,2,129,1.55%,25.78
https://kyujin.careerlink.asia/cambodia/コラム/カンボジア史（１）,2,120,1.67%,10.85
https://kyujin.careerlink.asia/仕事情報/company/os-selnajaya/171452,2,120,1.67%,18.11
https://kyujin.careerlink.asia/blog/街から誰もいなくなる！？　　　　　　　　　ベ/,2,82,2.44%,36.98
https://kyujin.careerlink.asia/blog/japanese-teacher-internship/,2,73,2.74%,42.33
https://kyujin.careerlink.asia/cambodia/コラム/カンボジアの工業団地,2,72,2.78%,8.81
https://kyujin.careerlink.asia/blog/2021年1月から施行されるベトナム改正労働法/,2,70,2.86%,18.21
https://kyujin.careerlink.asia/thailand/ThaiLabourLaw/General,2,58,3.45%,23.71
https://kyujin.careerlink.asia/vietnam/コラム/ベトナムでアルバイト募集,2,57,3.51%,14.79
https://kyujin.careerlink.asia/vietnam/ベトナム生活情報/hanoi_golfcourse,2,42,4.76%,16.71
https://kyujin.careerlink.asia/vietnam/lp,2,34,5.88%,11
https://kyujin.careerlink.asia/blog/ハノイ大学　日本語学部設立25周年記念イベント/,2,27,7.41%,9.41
https://kyujin.careerlink.asia/blog/初めまして！インターンの堀越です～！/,2,17,11.76%,7.59
https://kyujin.careerlink.asia/indonesia/仕事情報/現場責任者候補（養殖業）<jp441123>/2866599,2,11,18.18%,9.91
https://kyujin.careerlink.asia/vietnam/仕事情報/p/フンイエン/HY,2,7,28.57%,11
https://kyujin.careerlink.asia/vietnam/仕事情報/it講師（ハノイ勤務）/2771429,2,5,40%,13.4
https://kyujin.careerlink.asia/thailand/仕事情報/メッキ処理技術者/2241466,2,4,50%,22
https://kyujin.careerlink.asia/blog/ホーチミンのフォー/#Pho,1,5544,0.02%,6.87
https://kyujin.careerlink.asia/blog/ハノイイオンモール/#1,1,4580,0.02%,4.46
https://kyujin.careerlink.asia/blog/ホーチミン在住者おすすめの高級５つ星ホテル/#_Mia_Saigon_8211_luxury_boutique_hotel,1,4280,0.02%,6.86
https://kyujin.careerlink.asia/blog/ベトナムのお土産/#i,1,3401,0.03%,6.3
https://kyujin.careerlink.asia/blog/ホーチミンのおすすめスーパーマーケット/#WinMart,1,3262,0.03%,7.12
https://kyujin.careerlink.asia/thailand/コラム/thai-university-ranking#mahi,1,3142,0.03%,6.56
https://kyujin.careerlink.asia/blog/ベトナムのお土産/#HUONG_NGUYENBanh_Dau_Xanh,1,2873,0.03%,6.27
https://kyujin.careerlink.asia/blog/わかると便利！-grabの使い方/#Grab,1,2810,0.04%,8.19
https://kyujin.careerlink.asia/blog/ホーチミンチョコレート/#i,1,2740,0.04%,6.04
https://kyujin.careerlink.asia/blog/ハノイのおすすめショッピングモール/#AEON_Mall,1,2720,0.04%,6.64
https://kyujin.careerlink.asia/blog/ホーチミンのおすすめスーパーマーケット/#i-2,1,2676,0.04%,7.1
https://kyujin.careerlink.asia/blog/パソコンでベトナム語入力/#Mac_OS,1,2615,0.04%,4.06
https://kyujin.careerlink.asia/blog/ハノイのおすすめショッピングモール/#Vincom_Center,1,2602,0.04%,6.67
https://kyujin.careerlink.asia/blog/マレーシアの郵便番号/#Google,1,2550,0.04%,2.61
https://kyujin.careerlink.asia/blog/バリ島おすすめの高級5つ星ホテル/#i-3,1,2055,0.05%,4.08
https://kyujin.careerlink.asia/blog/ハノイ・ロッテマート/#i-4,1,1862,0.05%,6.5
https://kyujin.careerlink.asia/blog/ホーチミンのおすすめお土産/#i,1,1695,0.06%,7.33
https://kyujin.careerlink.asia/blog/ブンタウおすすめの高級ホテル/#_InterContinental_Grand_Ho_Tram,1,1590,0.06%,8.21
https://kyujin.careerlink.asia/blog/ハノイタイ湖周辺観光地/#i,1,1405,0.07%,5.89
https://kyujin.careerlink.asia/blog/ハノイタイ湖周辺観光地/#i-6,1,1405,0.07%,5.89
https://kyujin.careerlink.asia/blog/ニャチャンおすすめの高級5つ星ホテル/#InterContinental_Nha_Trang,1,1377,0.07%,4.79
https://kyujin.careerlink.asia/blog/ホイアンおすすめの高級5つ星ホテル/#__Anantara_Hoi_An_Resort,1,1346,0.07%,4.95
https://kyujin.careerlink.asia/blog/ニャチャンおすすめの高級5つ星ホテル/#The_Anam_Cam_Ranh,1,1336,0.07%,4.74
https://kyujin.careerlink.asia/blog/ペナンおすすめの高級5つ星ホテル/#__Eastern_And_Oriental_Hotel,1,1283,0.08%,4.43
https://kyujin.careerlink.asia/blog/コタキナバルおすすめの高級5つ星ホテル/#__Shangri-La_Tanjung_Aru_Kota_Kinabalu,1,1220,0.08%,4.45
https://kyujin.careerlink.asia/blog/ミャンマーのビール/#i-3,1,1124,0.09%,5.06
https://kyujin.careerlink.asia/vietnam/コラム/vietnam-university-ranking#hust,1,1098,0.09%,7.57
https://kyujin.careerlink.asia/blog/ホーチミン・ベトナム語教室/#Vietnam_GO1,1,972,0.1%,6.01
https://kyujin.careerlink.asia/cambodia/コラム/cambodia-university-ranking#RUPP,1,897,0.11%,3.15
https://kyujin.careerlink.asia/thailand/job/list?page=2,1,857,0.12%,33.3
https://kyujin.careerlink.asia/blog/バンコク・タイ語教室/#i-2,1,774,0.13%,8.08
https://kyujin.careerlink.asia/blog/ベトナムみやげ-バッチャン焼き/#i,1,747,0.13%,8.97
https://kyujin.careerlink.asia/blog/ハノイのバー/#Top_of_Hanoi,1,735,0.14%,6.98
https://kyujin.careerlink.asia/blog/タイのビール/#i,1,726,0.14%,7.08
https://kyujin.careerlink.asia/blog/ホーチミンスパ/#The_Spa_Bar,1,723,0.14%,8.3
https://kyujin.careerlink.asia/vietnam/仕事情報/c/会計・税務/161,1,712,0.14%,18.31
https://kyujin.careerlink.asia/vietnam/仕事情報/総務経理スタッフ（会計・コンサル）/1336994,1,711,0.14%,20.77
https://kyujin.careerlink.asia/blog/ホーチミン・ベトナム語教室/#EZVIETNAMESE,1,710,0.14%,6.23
https://kyujin.careerlink.asia/blog/フエおすすめの高級5つ星ホテル/#_Melia_Vinpearl_Hue,1,672,0.15%,5.38
https://kyujin.careerlink.asia/blog/ハノイのお土産/#HUONG_NGUYENBanh_Dau_Xanh,1,653,0.15%,7.93
https://kyujin.careerlink.asia/blog/ヤンゴンておすすめの高級5つ星ホテル/,1,644,0.16%,35.13
https://kyujin.careerlink.asia/vietnam/仕事情報/c/人事・総務/166,1,615,0.16%,18.06
https://kyujin.careerlink.asia/blog/ハノイのバー/#The_Haflington,1,578,0.17%,6.74
https://kyujin.careerlink.asia/仕事情報/c/教育-訓練-日本語教師/204,1,561,0.18%,54.3
https://kyujin.careerlink.asia/blog/ベトナムみやげ-アオザイ/#i,1,545,0.18%,6.76
https://kyujin.careerlink.asia/vietnam/仕事情報/サービス管理マネージャー（高級飲食店）/2865892,1,545,0.18%,22.19
https://kyujin.careerlink.asia/blog/ベトナムのビール/#i-7,1,544,0.18%,7.25
https://kyujin.careerlink.asia/vietnam/仕事情報/マーケティングリーダー-アミューズメント・韓国語ネイティブ/2285783,1,517,0.19%,10.6
https://kyujin.careerlink.asia/仕事情報/c/仕入れ・バイヤー/158,1,501,0.2%,20.52
https://kyujin.careerlink.asia/blog/ホーチミンのおすすめお土産/#i-8,1,476,0.21%,5.55
https://kyujin.careerlink.asia/thailand/仕事情報/p/チョンブリー/20,1,437,0.23%,10.37
https://kyujin.careerlink.asia/blog/【ハノイ】日本語の本（書籍）が読める場所５ヶ/#FAHASA,1,424,0.24%,4.29
https://kyujin.careerlink.asia/singapore/コラム/singapore-university-ranking#NTU,1,399,0.25%,4.94
https://kyujin.careerlink.asia/singapore/コラム/singapore-university-ranking#LAS,1,390,0.26%,4.87
https://kyujin.careerlink.asia/vietnam/仕事情報/ui-uxデザイナー/1629173,1,385,0.26%,16.98
https://kyujin.careerlink.asia/blog/ハノイ・ベトナム語教室/#ZEN,1,383,0.26%,5.41
https://kyujin.careerlink.asia/thailand/仕事情報/海外拠点-管理者候補-会計会社/2148349,1,381,0.26%,28.02
https://kyujin.careerlink.asia/thailand/仕事情報/webデザイナー-itシステム開発企業/2310345,1,358,0.28%,22.73
https://kyujin.careerlink.asia/blog/tag/郵便番号/,1,345,0.29%,12.51
https://kyujin.careerlink.asia/仕事情報/c/経理・財務/160,1,345,0.29%,24.78
https://kyujin.careerlink.asia/vietnam/仕事情報/c/生産管理/167,1,317,0.32%,16.17
https://kyujin.careerlink.asia/blog/ベトナム・ホーチミンの賃貸オフィスを探す/,1,276,0.36%,47.57
https://kyujin.careerlink.asia/thailand/仕事情報/アシスタンスコーディネーター（医療系サポート-コールセンター）/1700700,1,262,0.38%,27.91
https://kyujin.careerlink.asia/blog/ベトナム人材紹介会社/,1,245,0.41%,32.93
https://kyujin.careerlink.asia/malaysia/マレーシアの工業団地,1,196,0.51%,7.29
https://kyujin.careerlink.asia/vietnam/仕事情報/c/工場生産・製造（プラスティック）/184,1,180,0.56%,29.22
https://kyujin.careerlink.asia/vietnam/仕事情報/itプロジェクトマネージャー/2520094,1,178,0.56%,16.85
https://kyujin.careerlink.asia/thailand/仕事情報/建築技術・施工管理者/2809922,1,176,0.57%,33.21
https://kyujin.careerlink.asia/vietnam/VietnamLabourLaw,1,172,0.58%,51.15
https://kyujin.careerlink.asia/singapore/就職情報/シンガポールについて。,1,168,0.6%,44.97
https://kyujin.careerlink.asia/vietnam/仕事情報/税務会計コンサルタント/1789358,1,163,0.61%,49.43
https://kyujin.careerlink.asia/indonesia/コラム/インドネシアの工業団地,1,156,0.64%,30.49
https://kyujin.careerlink.asia/vietnam/仕事情報/c/コンサルタント/187,1,145,0.69%,31.14
https://kyujin.careerlink.asia/blog/ハノイのお好み焼き/#_Teppanyaki_Diamond,1,128,0.78%,6.95
https://kyujin.careerlink.asia/仕事情報/p/ダナン/DN,1,113,0.88%,35.37
https://kyujin.careerlink.asia/vietnam/仕事情報/工場管理（縫製加工業）※業界未経験可/2758336,1,107,0.93%,13.95
https://kyujin.careerlink.asia/vietnam/コラム/vung-tau-resort,1,107,0.93%,28.71
https://kyujin.careerlink.asia/vietnam/コラム/technicaltraining,1,105,0.95%,11.33
https://kyujin.careerlink.asia/thailand/仕事情報/デジタルマーケティングマネージャー/2690662,1,102,0.98%,41.98
https://kyujin.careerlink.asia/vietnam/仕事情報/内科医師-日系クリニック/1523631,1,99,1.01%,24.8
https://kyujin.careerlink.asia/blog/ホイアンを散策/,1,98,1.02%,21.4
https://kyujin.careerlink.asia/vietnam/VietnamLabourLaw/LabourContract#VNLL03c,1,97,1.03%,4.9
https://kyujin.careerlink.asia/vietnam/VietnamLabourLaw/LabourContract#VNLL03d,1,97,1.03%,4.9
https://kyujin.careerlink.asia/仕事情報/c/飲食-アミューズメント/169,1,85,1.18%,22.13
https://kyujin.careerlink.asia/philippines/就職情報/祝祭日,1,82,1.22%,26.61
https://kyujin.careerlink.asia/blog/summer-in-closed-eyes/,1,82,1.22%,29.55
https://kyujin.careerlink.asia/cambodia/コラム/カンボジアの労働事情part1,1,76,1.32%,11.37
https://kyujin.careerlink.asia/vietnam/仕事情報/金型技術マネージャー/1536286,1,72,1.39%,40.06
https://kyujin.careerlink.asia/仕事情報/c/経営幹部（ceo・cfo・coo等）/159,1,65,1.54%,14.57
https://kyujin.careerlink.asia/vietnam/仕事情報/p/ビンズオン/BD,1,64,1.56%,34.36
https://kyujin.careerlink.asia/blog/tag/自己紹介/,1,59,1.69%,8
https://kyujin.careerlink.asia/vietnam/コラム/ホーチミン隠れ家,1,55,1.82%,12.93
https://kyujin.careerlink.asia/indonesia/コラム/インドネシアの労働事情part1,1,49,2.04%,11.49
https://kyujin.careerlink.asia/cambodia/仕事情報/【スタートアップ】店舗マネージャ兼秘書（インバウンド旅行代理店-プノンペン）/2576671,1,49,2.04%,34.08
https://kyujin.careerlink.asia/thailand/ThaiLabourLaw,1,42,2.38%,25.17
https://kyujin.careerlink.asia/thailand/仕事情報/日本食居酒屋-店長候補/2167354,1,41,2.44%,21.27
https://kyujin.careerlink.asia/vietnam/仕事情報/c/サービス/162,1,41,2.44%,36.17
https://kyujin.careerlink.asia/vietnam/会社概要,1,39,2.56%,16.15
https://kyujin.careerlink.asia/vietnam/ベトナム生活情報/ベトナムの日本人学校,1,36,2.78%,40.19
https://kyujin.careerlink.asia/thailand/仕事情報/ec受注管理-カスタマーサポート/2866691,1,35,2.86%,24.6
https://kyujin.careerlink.asia/thailand/コラム/Bangkok-Laos,1,34,2.94%,51.82
https://kyujin.careerlink.asia/blog/社員旅行inマレーシア/,1,33,3.03%,30.12
https://kyujin.careerlink.asia/job/list?page=4,1,32,3.12%,34.62
https://kyujin.careerlink.asia/thailand/仕事情報/副寿司職人/1844983,1,30,3.33%,20.9
https://kyujin.careerlink.asia/vietnam/仕事情報/金型エンジニア（精密プラスチック）/1815902,1,27,3.7%,32.22
https://kyujin.careerlink.asia/blog/ベトナム-ダナンのクラフトビール『7bridge』/,1,25,4%,11.32
https://kyujin.careerlink.asia/blog/tag/インターンシップ/,1,21,4.76%,15.71
https://kyujin.careerlink.asia/thailand/コラム,1,19,5.26%,12.89
https://kyujin.careerlink.asia/vietnam/仕事情報/【文系の人も応募可】ベトナム北部担当-営業スタッフ（産業機械）/2866731,1,19,5.26%,33.21
https://kyujin.careerlink.asia/thailand/仕事情報/web編集ライター/2866695,1,19,5.26%,33.42
https://kyujin.careerlink.asia/blog/初めまして。/,1,16,6.25%,12.56
https://kyujin.careerlink.asia/cambodia/就職情報,1,12,8.33%,34.5
https://kyujin.careerlink.asia/jobseeker/reset/reset_request,1,9,11.11%,8.89
https://kyujin.careerlink.asia/blog/category/vietnam/da-nang/,1,9,11.11%,23.78
https://kyujin.careerlink.asia/blog/tag/イオンモール/,1,9,11.11%,32.33
https://kyujin.careerlink.asia/vietnam/仕事情報/プラスチック射出成型用金型エンジニア/2606808,1,8,12.5%,8.75
https://kyujin.careerlink.asia/blog/tag/シルク/,1,7,14.29%,6.43
https://kyujin.careerlink.asia/vietnam/仕事情報/プロジェクトマネージャー-it/2374452,1,7,14.29%,12.71
https://kyujin.careerlink.asia/blog/tag/kubara/,1,6,16.67%,5.67
https://kyujin.careerlink.asia/malaysia/会社概要,1,5,20%,5.6
https://kyujin.careerlink.asia/blog/category/vietnam/ムイネー/,1,5,20%,47.2
https://kyujin.careerlink.asia/thailand/仕事情報/sns監視オペレータ/2858819,1,4,25%,4.25
https://kyujin.careerlink.asia/vietnam/仕事情報/【社員寮も完備】インテリア用生地の織り編み-セクションマネージャー候補/2866734,1,4,25%,6
https://kyujin.careerlink.asia/blog/category/vietnam/phu-quoc/,1,4,25%,61.75
https://kyujin.careerlink.asia/vietnam/仕事情報/営業管理担当/2162362,1,3,33.33%,3.67
https://kyujin.careerlink.asia/vietnam/仕事情報/アルミダイカストエンジニア（本社採用：海外事業部）/2611366,1,3,33.33%,6.67
https://kyujin.careerlink.asia/vietnam/仕事情報/営業担当者（鉄鋼構造物）/2750921,1,3,33.33%,10.67
https://kyujin.careerlink.asia/vietnam/仕事情報/経験より意欲重視！日系製造企業での生産管理×品質管理ポジション/2866530,1,3,33.33%,27.67
https://kyujin.careerlink.asia/blog/tag/久原/,1,2,50%,4.5
https://kyujin.careerlink.asia/vietnam/仕事情報/要中国語｜営業部兼商品部職募集｜住宅手当＆帰国フライト費用サポートあり！/2866261,1,2,50%,15
https://kyujin.careerlink.asia/blog/category/thai/チェンマイ/,1,2,50%,17
https://kyujin.careerlink.asia/blog/wp-content/uploads/2023/03/ソウルでおすすめの高級5つ星ホテル6選.jpg,1,1,100%,2
https://kyujin.careerlink.asia/malaysia/就職情報,1,1,100%,3
https://kyujin.careerlink.asia/thailand/仕事情報/クラウドインフラエンジニア/2866690,1,1,100%,5
https://kyujin.careerlink.asia/vietnam/仕事情報/営業（水処理設備施工）/2866124,1,1,100%,13
https://kyujin.careerlink.asia/vietnam/仕事情報/日系工場向け環境プラント営業職/2866725,1,1,100%,13
https://kyujin.careerlink.asia/thailand/仕事情報/【語学-経験不問】テクニカルサポート-スタッフ/2372287,1,1,100%,19
https://kyujin.careerlink.asia/thailand/仕事情報/【高給優遇】営業（食品業界）/2866611,1,1,100%,19
https://kyujin.careerlink.asia/thailand/仕事情報/建築施工管理技術者（渡航費用会社負担-エンジニアリングカンパニー）/2088022,1,1,100%,20
https://kyujin.careerlink.asia/vietnam/ベトナム生活情報/ha-noi-search-apartments,0,7291,0%,19.13
https://kyujin.careerlink.asia/blog/ブンチャーハノイ/#Bun_Cha_Ta_Hanoi,0,6360,0%,5.17
https://kyujin.careerlink.asia/blog/ブンチャーハノイ/#Bun_cha_Huong_Lien,0,6312,0%,5.18
https://kyujin.careerlink.asia/jobseeker/register,0,6060,0%,11.41
https://kyujin.careerlink.asia/blog/ホーチミンのフォー/#i-3,0,5661,0%,6.89
https://kyujin.careerlink.asia/blog/ホーチミンのフォー/#i-2,0,5492,0%,6.88
https://kyujin.careerlink.asia/blog/ホーチミンのフォー/#i,0,5429,0%,6.87
https://kyujin.careerlink.asia/thailand/仕事情報/p/ラヨーン/21,0,5001,0%,25.17
https://kyujin.careerlink.asia/blog/ホーチミン在住者おすすめの高級５つ星ホテル/#__Hotel_Nikko_Saigon,0,4899,0%,7.21
https://kyujin.careerlink.asia/blog/ホーチミンイオンモール/#i-8,0,4522,0%,4.61
https://kyujin.careerlink.asia/blog/ホーチミンのおすすめスーパーマーケット/#i-4,0,4386,0%,7.03
https://kyujin.careerlink.asia/blog/ハノイイオンモール/#2,0,4206,0%,4.46
https://kyujin.careerlink.asia/blog/ホーチミンイオンモール/#i-5,0,4118,0%,4.57
https://kyujin.careerlink.asia/blog/ホーチミンイオンモール/#i-7,0,4118,0%,4.57
https://kyujin.careerlink.asia/blog/ハノイのお土産/#i,0,3561,0%,7.29
https://kyujin.careerlink.asia/blog/ベトナムのお土産/#i-2,0,3448,0%,6.34
https://kyujin.careerlink.asia/blog/ハノイのお土産/#i-3,0,3378,0%,7.25
https://kyujin.careerlink.asia/blog/ホーチミンのおすすめスーパーマーケット/#Bon_Grocer_Supermarket,0,3355,0%,6.9
https://kyujin.careerlink.asia/blog/ハノイのお土産/#Edelweiss_Confectionery,0,3154,0%,7.29
https://kyujin.careerlink.asia/blog/ホーチミンチョコレート/#i-2,0,2949,0%,6.01
https://kyujin.careerlink.asia/thailand/コラム/thai-university-ranking#chian,0,2876,0%,6.49
https://kyujin.careerlink.asia/blog/ホーチミンチョコレート/#Belvie_Chocolate,0,2847,0%,5.93
https://kyujin.careerlink.asia/thailand/コラム/thai-university-ranking#king,0,2845,0%,6.55
https://kyujin.careerlink.asia/blog/パソコンでベトナム語入力/#Windows_10,0,2827,0%,3.99
https://kyujin.careerlink.asia/thailand/コラム/thai-university-ranking#chula,0,2736,0%,6.43
https://kyujin.careerlink.asia/blog/ホーチミンチョコレート/#T-Bros,0,2716,0%,6.03
https://kyujin.careerlink.asia/blog/ベトナムのお土産/#VIFON,0,2713,0%,6.34
https://kyujin.careerlink.asia/blog/ホーチミンチョコレート/#Alluvia,0,2705,0%,5.99
https://kyujin.careerlink.asia/blog/わかると便利！-grabの使い方/#Grab_Food,0,2701,0%,8.27
https://kyujin.careerlink.asia/blog/わかると便利！-grabの使い方/#i-3,0,2690,0%,8.25
https://kyujin.careerlink.asia/blog/ハノイのおすすめショッピングモール/#Vincom_Megamall_Royal_CityVincom_Megamall_Times_City,0,2677,0%,6.66
https://kyujin.careerlink.asia/blog/ホーチミンチョコレート/#Maison_Marou,0,2675,0%,5.97
https://kyujin.careerlink.asia/blog/ホーチミンチョコレート/#Stone_Hill,0,2663,0%,5.97
https://kyujin.careerlink.asia/blog/わかると便利！-grabの使い方/#i-2,0,2656,0%,8.24
https://kyujin.careerlink.asia/blog/ベトナムのお土産/#i-3,0,2645,0%,6.49
https://kyujin.careerlink.asia/blog/ハノイのおすすめショッピングモール/#Lotte_Department_Store,0,2529,0%,6.66
https://kyujin.careerlink.asia/thailand/コラム/thai-university-ranking#srina,0,2501,0%,6.36
https://kyujin.careerlink.asia/blog/ベトナムのお土産/#Banh_quy_co_gai_Viet_Nam,0,2500,0%,6.13
https://kyujin.careerlink.asia/blog/わかると便利！-grabの使い方/#i,0,2462,0%,8.41
https://kyujin.careerlink.asia/thailand/コラム/thai-university-ranking#tama,0,2460,0%,6.48
https://kyujin.careerlink.asia/blog/ホーチミンのおすすめスーパーマーケット/#coopmart,0,2417,0%,6.86
https://kyujin.careerlink.asia/blog/バリ島おすすめの高級5つ星ホテル/#i,0,2410,0%,4.1
https://kyujin.careerlink.asia/blog/ジョグジャカルタおすすめの高級5つ星ホテル/#_Eastparc_Hotel_Yogyakarta,0,2391,0%,7.44
https://kyujin.careerlink.asia/blog/ホーチミンのお薦めサービスアパート10選/#i-3,0,2386,0%,7.32
https://kyujin.careerlink.asia/blog/ジョグジャカルタおすすめの高級5つ星ホテル/#_Yogyakarta_Marriott_Hotel,0,2380,0%,7.46
https://kyujin.careerlink.asia/blog/バリ島おすすめの高級5つ星ホテル/#i-5,0,2367,0%,4.11
https://kyujin.careerlink.asia/blog/ランカウイおすすめの高級5つ星ホテル/#__The_Ritz-Carlton_Langkawi,0,2363,0%,4.71
https://kyujin.careerlink.asia/blog/ベトナムのお土産/#Star_Kitchen,0,2348,0%,6.32
https://kyujin.careerlink.asia/blog/ホーチミンのお薦めサービスアパート10選/#i,0,2343,0%,7.3
https://kyujin.careerlink.asia/blog/ホーチミンのお薦めサービスアパート10選/#i-2,0,2343,0%,7.3
https://kyujin.careerlink.asia/blog/ジョホールバルおすすめの高級ホテル/#Amari_Johor_Bahru,0,2339,0%,8.13
https://kyujin.careerlink.asia/blog/ジョホールバルおすすめの高級ホテル/#Holiday_Inn_Johor_Bahru_City_Centre,0,2333,0%,8.14
https://kyujin.careerlink.asia/blog/わかると便利！-grabの使い方/#Delivery,0,2306,0%,8.53
https://kyujin.careerlink.asia/blog/クラビおすすめの高級５つ星ホテル/#Rayavadee_Hotel,0,2303,0%,6.33
https://kyujin.careerlink.asia/blog/ホーチミンのおすすめスーパーマーケット/#i-5,0,2297,0%,7.13
https://kyujin.careerlink.asia/thailand/コラム/thai-university-ranking#prince,0,2207,0%,6.46
https://kyujin.careerlink.asia/blog/クラビおすすめの高級５つ星ホテル/#__The_Pavilions_Anana_Krabi,0,2169,0%,6.44
https://kyujin.careerlink.asia/blog/クラビおすすめの高級５つ星ホテル/#_Amari_Vogue_Krabi,0,2161,0%,6.43
https://kyujin.careerlink.asia/thailand/コラム/thai-university-ranking#lad,0,2157,0%,6.4
https://kyujin.careerlink.asia/blog/ハノイのお土産/#Banh_quy_co_gai_Viet_Nam,0,2142,0%,7.4
https://kyujin.careerlink.asia/blog/ハノイのお土産/#i-4,0,2119,0%,7.03
https://kyujin.careerlink.asia/blog/バリ島おすすめの高級5つ星ホテル/#i-2,0,2113,0%,4.11
https://kyujin.careerlink.asia/blog/ランカウイおすすめの高級5つ星ホテル/#__Four_Seasons_Resort_Langkawi_Malaysia,0,2090,0%,4.62
https://kyujin.careerlink.asia/blog/シンガポールで有名なおすすめのビール10選/#i,0,2067,0%,6.27
https://kyujin.careerlink.asia/blog/シンガポールで有名なおすすめのビール10選/#i-4,0,2060,0%,6.26
https://kyujin.careerlink.asia/blog/バリ島おすすめの高級5つ星ホテル/#i-4,0,2053,0%,4.07
https://kyujin.careerlink.asia/blog/シンガポールで有名なおすすめのビール10選/#i-3,0,2053,0%,6.25
https://kyujin.careerlink.asia/blog/ランカウイおすすめの高級5つ星ホテル/#__The_St_Regis_Langkawi,0,2050,0%,4.63
https://kyujin.careerlink.asia/blog/ハノイのお土産/#VIFON,0,1958,0%,7.55
https://kyujin.careerlink.asia/blog/ジョホールバルおすすめの高級ホテル/#Forest_City_Marina_Hotel,0,1957,0%,7.98
https://kyujin.careerlink.asia/blog/ジョホールバルおすすめの高級ホテル/#The_Legoland_Malaysia_Resort,0,1953,0%,7.98
https://kyujin.careerlink.asia/blog/クラビおすすめの高級５つ星ホテル/#__The_Tubkaak_Krabi_Boutique_Resort,0,1949,0%,6.46
https://kyujin.careerlink.asia/blog/ホーチミンのおすすめスーパーマーケット/#Ichiban_Market,0,1924,0%,6.94
https://kyujin.careerlink.asia/blog/ジョグジャカルタおすすめの高級5つ星ホテル/#_Hotel_Tentrem_Yogyakarta,0,1884,0%,7.15
https://kyujin.careerlink.asia/blog/ジョグジャカルタおすすめの高級5つ星ホテル/#_Hotel_Melia_Purosani_Yogyakarta,0,1875,0%,7.16
https://kyujin.careerlink.asia/blog/ハノイ・ロッテマート/#i-3,0,1862,0%,6.5
https://kyujin.careerlink.asia/blog/ハノイ・ロッテマート/#i-2,0,1861,0%,6.5
https://kyujin.careerlink.asia/blog/ハノイのお土産/#T,0,1852,0%,6.83
https://kyujin.careerlink.asia/blog/ホーチミンのおすすめスーパーマーケット/#i-7,0,1775,0%,6.82
https://kyujin.careerlink.asia/blog/ブンタウおすすめの高級ホテル/#VIAS_HOTEL_VUNG_TAU,0,1764,0%,8.31
https://kyujin.careerlink.asia/blog/ブンタウおすすめの高級ホテル/#The_IMPERIAL_Hotel_Resort_Vung_Tau,0,1764,0%,8.32
https://kyujin.careerlink.asia/blog/シンガポールで有名なおすすめのビール10選/#ABC,0,1747,0%,6.46
https://kyujin.careerlink.asia/blog/シンガポールで有名なおすすめのビール10選/#brewerkz,0,1737,0%,6.45
https://kyujin.careerlink.asia/blog/シンガポールで有名なおすすめのビール10選/#i-5,0,1733,0%,6.44
https://kyujin.careerlink.asia/blog/ホイアンおすすめの高級5つ星ホテル/#___Allegro_Hoi_An_A_LIttle_Luxury_Hotel_Spa,0,1701,0%,4.93
https://kyujin.careerlink.asia/blog/ホイアンおすすめの高級5つ星ホテル/#__Little_RiversideA_Luxury_Hotel_Spa,0,1696,0%,4.93
https://kyujin.careerlink.asia/blog/ホーチミンのおすすめお土産/#i-11,0,1660,0%,7.38
https://kyujin.careerlink.asia/blog/ベトナムの宗教/#i,0,1593,0%,9.23
https://kyujin.careerlink.asia/blog/ベトナムの宗教/#i-2,0,1593,0%,9.23
https://kyujin.careerlink.asia/blog/ベトナムの宗教/#i-5,0,1593,0%,9.23
https://kyujin.careerlink.asia/blog/ブンタウおすすめの高級ホテル/#Melia_Ho_Tram_Beach_Resort,0,1590,0%,8.22
https://kyujin.careerlink.asia/blog/香港おすすめの高級5つ星ホテル/#_Four_Seasons_Hotel_Hong_Kong,0,1587,0%,7.15
https://kyujin.careerlink.asia/blog/香港おすすめの高級5つ星ホテル/#_The_Peninsula_Hong_Kong,0,1578,0%,7.19
https://kyujin.careerlink.asia/blog/ニャチャンおすすめの高級5つ星ホテル/#Sheraton_Nha_Trang_Hotel_Spa,0,1525,0%,4.82
https://kyujin.careerlink.asia/blog/ホーチミンのおすすめお土産/#i-14,0,1503,0%,7.28
https://kyujin.careerlink.asia/blog/ニャチャンおすすめの高級5つ星ホテル/#Regalia_Gold_Hotel,0,1486,0%,4.79
https://kyujin.careerlink.asia/blog/ハノイのビンコムセンター/#i,0,1472,0%,3.92
https://kyujin.careerlink.asia/blog/ペナンおすすめの高級5つ星ホテル/#__Hard_Rock_Hotel_Penang,0,1442,0%,4.42
https://kyujin.careerlink.asia/blog/ハノイのビンコムセンター/#i-3,0,1437,0%,3.83
https://kyujin.careerlink.asia/blog/ペナンおすすめの高級5つ星ホテル/#__The_Prestige_Hotel_Penang,0,1437,0%,4.42
https://kyujin.careerlink.asia/blog/ハノイタイ湖周辺観光地/#i-10,0,1405,0%,5.89
https://kyujin.careerlink.asia/blog/ハノイタイ湖周辺観光地/#i-2,0,1405,0%,5.89
https://kyujin.careerlink.asia/blog/ホーチミンのおすすめスーパーマーケット/#_ANNAM_GOURMET_MARKET,0,1372,0%,7.17
https://kyujin.careerlink.asia/blog/ホイアンおすすめの高級5つ星ホテル/#__La_Siesta_Hoi_An_Resort_Spa,0,1347,0%,4.95
https://kyujin.careerlink.asia/cambodia/コラム/cambodia-university-ranking#ITC,0,1322,0%,3.34
https://kyujin.careerlink.asia/blog/ペナンおすすめの高級5つ星ホテル/#__Shangri-La_Rasa_Sayang_Penang,0,1288,0%,4.43
https://kyujin.careerlink.asia/blog/ハノイのビンコムセンター/#i-2,0,1281,0%,3.94
https://kyujin.careerlink.asia/blog/ハノイのお土産/#i-2,0,1260,0%,7.07
https://kyujin.careerlink.asia/blog/ベトナムのお土産/#PHUC_LONG,0,1252,0%,5.64
https://kyujin.careerlink.asia/cambodia/コラム/cambodia-university-ranking#UC,0,1246,0%,3.2
https://kyujin.careerlink.asia/blog/香港おすすめの高級5つ星ホテル/#_Mandarin_Oriental_Hong_Kong,0,1245,0%,7.22
https://kyujin.careerlink.asia/blog/ホーチミンおすすめのカフェ/#i,0,1244,0%,8.94
https://kyujin.careerlink.asia/blog/ホーチミンおすすめのカフェ/#The_Cafe_Apartments,0,1243,0%,8.94
https://kyujin.careerlink.asia/blog/ホーチミンおすすめのカフェ/#i-3,0,1238,0%,8.94
https://kyujin.careerlink.asia/blog/ホーチミンのおすすめお土産/#i-4,0,1227,0%,8
https://kyujin.careerlink.asia/blog/イポーおすすめの高級ホテル/#___The_Haven_All_Suite_Resort_Ipoh,0,1219,0%,5.76
https://kyujin.careerlink.asia/blog/香港おすすめの高級5つ星ホテル/#__The_Ritz-Carlton_Hong_Kong,0,1216,0%,7.3
https://kyujin.careerlink.asia/blog/ホーチミンおすすめのカフェ/#BAN_Ca_Phe,0,1212,0%,8.98
https://kyujin.careerlink.asia/blog/コタキナバルおすすめの高級5つ星ホテル/#__Kota_Kinabalu_Marriott_Hotel,0,1211,0%,4.43
https://kyujin.careerlink.asia/blog/イポーおすすめの高級ホテル/#M__M_Roof_Hotel_and_Residences,0,1209,0%,5.75
https://kyujin.careerlink.asia/blog/チャンティエンプラザ/#i,0,1208,0%,4.83
https://kyujin.careerlink.asia/blog/チャンティエンプラザ/#i-2,0,1208,0%,4.83
https://kyujin.careerlink.asia/blog/チャンティエンプラザ/#i-3,0,1208,0%,4.83
https://kyujin.careerlink.asia/blog/シンガポールおすすめの高級５つ星ホテル/#_Raffles_Singapore,0,1164,0%,5.86
https://kyujin.careerlink.asia/blog/シアヌークビルおすすめの高級5つ星ホテル/#__Queenco_Hotel_Casino,0,1155,0%,4.84
https://kyujin.careerlink.asia/blog/ホーチミンのおすすめお土産/#i-13,0,1150,0%,7.4
https://kyujin.careerlink.asia/blog/シアヌークビルおすすめの高級5つ星ホテル/#_Xi_Hu_Resort_Hotel,0,1144,0%,4.86
https://kyujin.careerlink.asia/blog/イポーおすすめの高級ホテル/#_Travelodge_Ipoh,0,1130,0%,5.71
https://kyujin.careerlink.asia/blog/ミャンマーのビール/#i,0,1124,0%,5.06
https://kyujin.careerlink.asia/blog/ミャンマーのビール/#i-2,0,1124,0%,5.06
https://kyujin.careerlink.asia/blog/イポーおすすめの高級ホテル/#WEIL_Hotel,0,1124,0%,5.71
https://kyujin.careerlink.asia/blog/ミャンマーのビール/#i-4,0,1121,0%,5.07
https://kyujin.careerlink.asia/blog/シンガポールおすすめの高級５つ星ホテル/#The_Fullerton_Hotel_Singapore,0,1112,0%,5.87
https://kyujin.careerlink.asia/blog/コタキナバルおすすめの高級5つ星ホテル/#__The_Magellan_Sutera_Resort,0,1100,0%,4.25
https://kyujin.careerlink.asia/blog/コタキナバルおすすめの高級5つ星ホテル/#__Le_Meridien_Kota_Kinabalu,0,1089,0%,4.24
https://kyujin.careerlink.asia/blog/マラッカおすすめの高級5つ星ホテル/#_Majestic_Malacca_Hotel,0,1081,0%,7.03
https://kyujin.careerlink.asia/blog/マラッカおすすめの高級5つ星ホテル/#__Casa_del_Rio_Melaka_Hotel,0,1069,0%,7.05
https://kyujin.careerlink.asia/blog/ホーチミンおすすめのカフェ/#Bonjour_Cafe_The_Art,0,1058,0%,8.98
https://kyujin.careerlink.asia/thailand/コラム/thai-university-ranking#kase,0,1025,0%,6.75
https://kyujin.careerlink.asia/thailand/コラム/thai-university-ranking#khon,0,1021,0%,6.12
https://kyujin.careerlink.asia/vietnam/コラム/vietnam-university-ranking#ftu,0,1021,0%,7.7
https://kyujin.careerlink.asia/blog/シアヌークビルおすすめの高級5つ星ホテル/#__Howard_Johnson_by_Wyndham_Sihanoukville,0,999,0%,4.93
https://kyujin.careerlink.asia/blog/ホーチミンおすすめのカフェ/#Blank_Lounge_Landmark81,0,997,0%,9.02
https://kyujin.careerlink.asia/blog/ダラットおすすめホテル/#i,0,993,0%,7.08
https://kyujin.careerlink.asia/blog/パラワン島おすすめの高級5つ星ホテル/#__Cauayan_Island_ResortEl_Nido,0,989,0%,8.11
https://kyujin.careerlink.asia/blog/ホーチミンのおすすめお土産/#T,0,984,0%,7.93
https://kyujin.careerlink.asia/blog/シアヌークビルおすすめの高級5つ星ホテル/#_Six_Senses_Krabey_Island,0,980,0%,4.93
https://kyujin.careerlink.asia/blog/ダラットおすすめホテル/#_Dalat_Palace_Hotel,0,980,0%,7.07
https://kyujin.careerlink.asia/blog/ハノイのお土産/#Maison_Marou,0,970,0%,7.52
https://kyujin.careerlink.asia/blog/ホーチミン・ベトナム語教室/#Saigon_Language_School,0,964,0%,6.03
https://kyujin.careerlink.asia/blog/ホーチミンおすすめのカフェ/#i-2,0,940,0%,9.02
https://kyujin.careerlink.asia/blog/パラワン島おすすめの高級5つ星ホテル/#_Seda_Lio,0,934,0%,8.2
https://kyujin.careerlink.asia/cambodia/コラム/cambodia-university-ranking#RUA,0,929,0%,3.13
https://kyujin.careerlink.asia/thailand/仕事情報/生産管理者-衣料品/2853414,0,918,0%,12.14
https://kyujin.careerlink.asia/blog/パラワン島おすすめの高級5つ星ホテル/#__Two_Seasons_Coron_Island_Resort,0,904,0%,8.05
https://kyujin.careerlink.asia/blog/シンガポールおすすめの高級５つ星ホテル/#PARKROYAL_COLLECTION_Pickering,0,899,0%,6.02
https://kyujin.careerlink.asia/blog/フアヒンおすすめの高級5つ星ホテル/#__Cape_Nidhra_Hotel,0,894,0%,6.02
https://kyujin.careerlink.asia/blog/フアヒンおすすめの高級5つ星ホテル/#_Devasom_Hua_Hin_Resort,0,894,0%,6.03
https://kyujin.careerlink.asia/blog/for-japanese-leaners/#Riki_nihongo,0,894,0%,7.08
https://kyujin.careerlink.asia/blog/ベトナムで携帯電話使い方ガイド/#SIM-2,0,886,0%,6.78
https://kyujin.careerlink.asia/blog/ジャカルタおすすめの高級5つ星ホテル/#Hotel_Indonesia_Kempinski_Jakarta,0,875,0%,9.44
https://kyujin.careerlink.asia/blog/ジャカルタおすすめの高級5つ星ホテル/#Sheraton_Grand_Jakarta_Gandaria_City_Hotel,0,875,0%,9.44
https://kyujin.careerlink.asia/blog/ハノイのおすすめフォーレストラン5選/#Pho_Gia_Truyen,0,874,0%,8.21
https://kyujin.careerlink.asia/blog/ハノイのおすすめフォーレストラン5選/#Pho_Thin,0,874,0%,8.21
https://kyujin.careerlink.asia/blog/ハノイのおすすめフォーレストラン5選/#Mai_Anh,0,873,0%,8.21
https://kyujin.careerlink.asia/blog/ホーチミンスパ/#SEN_SPA,0,866,0%,7.96
https://kyujin.careerlink.asia/blog/マラッカおすすめの高級5つ星ホテル/#__DoubleTree_by_Hilton_Hotel_Melaka,0,865,0%,6.89
https://kyujin.careerlink.asia/blog/フィリピンおすすめvpn/#VPN,0,865,0%,7.64
https://kyujin.careerlink.asia/blog/フィリピンおすすめvpn/#VPN5,0,861,0%,7.63
https://kyujin.careerlink.asia/thailand/コラム/thai-university-ranking#silpa,0,858,0%,6.02
https://kyujin.careerlink.asia/blog/シンガポールおすすめの高級５つ星ホテル/#Marina_Bay_Sands_Singapore,0,856,0%,6.04
https://kyujin.careerlink.asia/blog/ホーチミンスパ/#Anna_Sanctuary_Wellness_Spa,0,856,0%,7.97
https://kyujin.careerlink.asia/indonesia/仕事情報/セールス＆マーケティングマネージャー<jp170525>/2866580,0,852,0%,24.63
https://kyujin.careerlink.asia/blog/マラッカおすすめの高級5つ星ホテル/#_Liu_Men_Melaka,0,847,0%,6.91
https://kyujin.careerlink.asia/blog/シンガポールおすすめの高級５つ星ホテル/#Fairmont_Singapore,0,842,0%,6
https://kyujin.careerlink.asia/blog/ホーチミンのおすすめお土産/#i-12,0,842,0%,7.92
https://kyujin.careerlink.asia/blog/シンガポールおすすめの高級５つ星ホテル/#Goodwood_Park_Hotel,0,841,0%,5.98
https://kyujin.careerlink.asia/blog/ベトナムで携帯電話使い方ガイド/#3,0,836,0%,6.85
https://kyujin.careerlink.asia/blog/フィリピンおすすめvpn/#Express_VPNVPN,0,835,0%,7.68
https://kyujin.careerlink.asia/blog/ベトナムで携帯電話使い方ガイド/#sim,0,805,0%,6.83
https://kyujin.careerlink.asia/cambodia/コラム/cambodia-university-ranking#CMU,0,803,0%,3.19
https://kyujin.careerlink.asia/blog/ベトナムで携帯電話使い方ガイド/#SIM,0,803,0%,6.8
https://kyujin.careerlink.asia/blog/タイのビール/#LEO,0,799,0%,7.1
https://kyujin.careerlink.asia/blog/タイのビール/#i-3,0,799,0%,7.1
https://kyujin.careerlink.asia/blog/タイのビール/#i-2,0,789,0%,7.1
https://kyujin.careerlink.asia/vietnam/コラム/vietnam-university-ranking#hcmut,0,788,0%,7.88
https://kyujin.careerlink.asia/blog/for-japanese-leaners/#Go_Japan,0,777,0%,7.11
https://kyujin.careerlink.asia/blog/ホーチミンのお薦めサービスアパート10選/#i-4,0,775,0%,8.1
https://kyujin.careerlink.asia/blog/バンコク・タイ語教室/#TLSTHAI_LANGUAGE_STATION,0,774,0%,8.08
https://kyujin.careerlink.asia/blog/バンコク・タイ語教室/#i,0,774,0%,8.08
https://kyujin.careerlink.asia/cambodia/コラム/cambodia-university-ranking#NPIC,0,767,0%,3.16
https://kyujin.careerlink.asia/blog/フーコックおすすめの高級5つ星ホテル/#Salinda_Resort_Phu_Quoc_Island,0,766,0%,5.04
https://kyujin.careerlink.asia/blog/ダラットおすすめホテル/#___Dalat_Edensee_Lake_Resort_and_Spa,0,763,0%,7.27
https://kyujin.careerlink.asia/blog/タイのビール/#i-4,0,757,0%,7.07
https://kyujin.careerlink.asia/blog/ダラットおすすめホテル/#___Ana_Mandara_Villas_Dalat_Resort_and_Spa,0,754,0%,7.27
https://kyujin.careerlink.asia/blog/ホーチミンのお薦めサービスアパート10選/#Nguyen_Thi_Minh_Khai,0,754,0%,8.11
https://kyujin.careerlink.asia/blog/ベトナムみやげ-バッチャン焼き/#i-2,0,745,0%,8.97
https://kyujin.careerlink.asia/vietnam/コラム/vietnam-university-ranking#vnu,0,742,0%,8.08
https://kyujin.careerlink.asia/blog/フーコックおすすめの高級5つ星ホテル/#InterContinental_Phu_Quoc_Long_Beach_Resort,0,741,0%,5.02
https://kyujin.careerlink.asia/blog/ハノイのお土産/#Star_Kitchen,0,740,0%,7.9
https://kyujin.careerlink.asia/blog/ベトナムみやげ-バッチャン焼き/#i-3,0,733,0%,8.98
https://kyujin.careerlink.asia/blog/タイのビール/#i-5,0,728,0%,7.09
https://kyujin.careerlink.asia/cambodia/コラム/cambodia-university-ranking#NU,0,722,0%,3.1
https://kyujin.careerlink.asia/blog/ハノイのバー/#Tannin_wine_bar,0,721,0%,7.01
https://kyujin.careerlink.asia/thailand/コラム/thai-university-ranking#sura,0,717,0%,7.28
https://kyujin.careerlink.asia/blog/フーコックおすすめの高級5つ星ホテル/#_Vinpearl_Resort_Spa_Phu_Quoc,0,714,0%,5
https://kyujin.careerlink.asia/blog/フエおすすめの高級5つ星ホテル/#_Imperial_Hotel_Hue,0,713,0%,5.32
https://kyujin.careerlink.asia/blog/ホーチミンスパ/#La_Maison_de_lapotiquaire,0,711,0%,8.29
https://kyujin.careerlink.asia/blog/タイのビール/#i-9,0,709,0%,6.95
https://kyujin.careerlink.asia/blog/フエおすすめの高級5つ星ホテル/#_Indochine_Palace_Hotel,0,707,0%,5.34
https://kyujin.careerlink.asia/blog/for-japanese-leaners/#Minori_Education,0,706,0%,7.18
https://kyujin.careerlink.asia/vietnam/仕事情報/営業スタッフ-アパレル製品/2658429,0,695,0%,16.87
https://kyujin.careerlink.asia/blog/ハノイのバー/#BINH_MINH_JAZZ_CLUB,0,692,0%,6.87
https://kyujin.careerlink.asia/blog/ハノイのバー/#Polite_and_co,0,690,0%,6.88
https://kyujin.careerlink.asia/blog/フーコックおすすめの高級5つ星ホテル/#Dusit_Princess_Moonrise_Beach_Resort,0,689,0%,4.99
https://kyujin.careerlink.asia/blog/ハノイのバー/#The_summit_lounge,0,689,0%,6.87
https://kyujin.careerlink.asia/vietnam/job/list?page=3,0,686,0%,26.78
https://kyujin.careerlink.asia/blog/ハノイのバー/#The_Black_Sheep,0,685,0%,6.87
https://kyujin.careerlink.asia/blog/ベトナムで携帯電話使い方ガイド/#SIM-3,0,678,0%,6.69
https://kyujin.careerlink.asia/blog/フエおすすめの高級5つ星ホテル/#__Azerai_La_Residence_Hue,0,675,0%,5.04
https://kyujin.careerlink.asia/blog/フアヒンおすすめの高級5つ星ホテル/#__Hua_Hin_Marriott_Resort_Spa,0,671,0%,5.46
https://kyujin.careerlink.asia/blog/フアヒンおすすめの高級5つ星ホテル/#__Let8217s_Sea_Hua_Hin_Al_Fresco_Resort,0,671,0%,5.48
https://kyujin.careerlink.asia/blog/for-japanese-leaners/#JFe,0,670,0%,7.05
https://kyujin.careerlink.asia/blog/タイ人材紹介会社/#10,0,668,0%,6.14
https://kyujin.careerlink.asia/blog/タイ人材紹介会社/#10-2,0,668,0%,6.14
https://kyujin.careerlink.asia/blog/ジャカルタおすすめの高級5つ星ホテル/#Hotel_Fairmont_Jakarta,0,660,0%,9.22
https://kyujin.careerlink.asia/blog/ジャカルタおすすめの高級5つ星ホテル/#_The_Westin_Jakarta,0,658,0%,9.24
https://kyujin.careerlink.asia/blog/ベトナムみやげ-バッチャン焼き/#i-4,0,656,0%,9.02
https://kyujin.careerlink.asia/vietnam/ベトナムの最新ニュース/ベトナム人でお仕事をお探しの方へ,0,651,0%,20
https://kyujin.careerlink.asia/blog/サムイ島おすすめの高級5つ星ホテル/#_Melia_Koh_Samui,0,645,0%,5.13
https://kyujin.careerlink.asia/blog/サムイ島おすすめの高級5つ星ホテル/#__SALA_Samui_Choengmon_Beach_Resort,0,643,0%,5.12
https://kyujin.careerlink.asia/blog/for-japanese-leaners/#NHK_WORLD-JAPAN,0,635,0%,7.07
https://kyujin.careerlink.asia/blog/for-japanese-leaners/#i,0,634,0%,7
https://kyujin.careerlink.asia/blog/for-japanese-leaners/#Dung_Mori,0,631,0%,7.01
https://kyujin.careerlink.asia/blog/フエおすすめの高級5つ星ホテル/#___Pilgrimage_Village_Boutique_Resort_Spa,0,630,0%,5.08
https://kyujin.careerlink.asia/blog/ベトナムで携帯電話使い方ガイド/#i,0,630,0%,6.93
https://kyujin.careerlink.asia/blog/ベトナムのお土産/#Maison_Marou,0,625,0%,7.25
https://kyujin.careerlink.asia/blog/ホーチミンのおすすめスーパーマーケット/#Cooky_Market,0,617,0%,8.13
https://kyujin.careerlink.asia/blog/ハノイ映画館/#Lotte_cinema,0,609,0%,5.43
https://kyujin.careerlink.asia/blog/ベトナムのビール/#i-8,0,600,0%,7.35
https://kyujin.careerlink.asia/blog/チェンマイおすすめの高級5つ星ホテル/#Art_Mai_Gallery_Hotel_Chiang_Mai,0,599,0%,7.2
https://kyujin.careerlink.asia/blog/チェンマイおすすめの高級5つ星ホテル/#Rati_Lanna_Riverside_Spa_Resort_Chiang_Mai,0,599,0%,7.2
https://kyujin.careerlink.asia/blog/ベトナムのビール/#i,0,598,0%,7.35
https://kyujin.careerlink.asia/blog/ベトナムのビール/#i-2,0,590,0%,7.32
https://kyujin.careerlink.asia/blog/ホーチミンのおすすめお土産/#i-9,0,582,0%,6.22
https://kyujin.careerlink.asia/blog/ベトナムのビール/#Furbrew,0,580,0%,7.32
https://kyujin.careerlink.asia/blog/ハノイ映画館/#National_Cinema_Center,0,579,0%,5.3
https://kyujin.careerlink.asia/blog/ハノイ映画館/#Beta_cineplex,0,560,0%,5.54
https://kyujin.careerlink.asia/blog/フィリピンのビール/#45,0,556,0%,10.6
https://kyujin.careerlink.asia/blog/フィリピンのビール/#i,0,556,0%,10.6
https://kyujin.careerlink.asia/blog/フィリピンのビール/#i-3,0,556,0%,10.6
https://kyujin.careerlink.asia/thailand/コラム/thai-university-ranking#bura,0,555,0%,6.75
https://kyujin.careerlink.asia/blog/フィリピンのビール/#i-2,0,551,0%,10.64
https://kyujin.careerlink.asia/blog/ベトナムで携帯電話使い方ガイド/#Sim,0,550,0%,6.57
https://kyujin.careerlink.asia/blog/チェンマイおすすめの高級5つ星ホテル/#6Chala_Number_6,0,549,0%,7.19
https://kyujin.careerlink.asia/blog/チェンマイおすすめの高級5つ星ホテル/#Rarinjinda_Wellness_Spa_Resort,0,549,0%,7.19
https://kyujin.careerlink.asia/blog/ベトナムで携帯電話使い方ガイド/#i-2,0,549,0%,7.24
https://kyujin.careerlink.asia/blog/ホーチミンのおすすめお土産/#i-3,0,544,0%,5.97
https://kyujin.careerlink.asia/blog/ベトナムみやげ-アオザイ/#i-2,0,542,0%,6.78
https://kyujin.careerlink.asia/blog/ベトナムみやげ-アオザイ/#i-3,0,542,0%,6.78
https://kyujin.careerlink.asia/blog/タイ人材紹介会社/#RGF_HR_Agent_Recruitment_Thailand,0,540,0%,6.58
https://kyujin.careerlink.asia/blog/ベトナムのビール/#Hoa_Vien_Craft_Brewery,0,532,0%,7.19
https://kyujin.careerlink.asia/blog/ベトナムのお土産/#333,0,531,0%,6.26
https://kyujin.careerlink.asia/thailand/仕事情報/営業-保険商品/1844235,0,517,0%,16.52
https://kyujin.careerlink.asia/singapore/コラム/singapore-university-ranking#SUTD,0,504,0%,4.85
https://kyujin.careerlink.asia/blog/ベトナムのビール/#i-6,0,503,0%,7.15
https://kyujin.careerlink.asia/blog/フィリピンおすすめvpn/#Millen_VPNVPN,0,501,0%,7.07
https://kyujin.careerlink.asia/blog/フィリピンおすすめvpn/#VPNVPN,0,495,0%,7.04
https://kyujin.careerlink.asia/vietnam/コラム/vietnam-university-ranking#neu,0,495,0%,7.53
https://kyujin.careerlink.asia/blog/フィリピンおすすめvpn/#VPN-2,0,488,0%,7.08
https://kyujin.careerlink.asia/vietnam/コラム/vietnam-university-ranking#ctu,0,488,0%,7.99
https://kyujin.careerlink.asia/blog/フィリピンおすすめvpn/#Nord_VPNVPN,0,486,0%,7.06
https://kyujin.careerlink.asia/vietnam/仕事情報/経理マネージャー/2717250,0,483,0%,30.1
https://kyujin.careerlink.asia/blog/フィリピンのビール/#i-4,0,482,0%,10.65
https://kyujin.careerlink.asia/blog/ホーチミンの年間天気・天気予報サイト/#i,0,477,0%,7.35
https://kyujin.careerlink.asia/blog/サムイ島おすすめの高級5つ星ホテル/#___Explorar_Koh_Samui_Adult_Only_Resort_and_Spa,0,468,0%,5.08
https://kyujin.careerlink.asia/blog/サムイ島おすすめの高級5つ星ホテル/#_Banyan_Tree_Samui,0,468,0%,5.08
https://kyujin.careerlink.asia/indonesia/仕事情報/化学プラントエンジニア-静機器担当者＜jp320621＞/2866579,0,468,0%,26.8
https://kyujin.careerlink.asia/blog/ホーチミンの年間天気・天気予報サイト/#i-3,0,455,0%,7.35
https://kyujin.careerlink.asia/vietnam/コラム/vietnam-university-ranking#vnuhcm,0,453,0%,8.32
https://kyujin.careerlink.asia/blog/ハノイのお土産/#YUGOC,0,437,0%,8.31
https://kyujin.careerlink.asia/thailand/仕事情報/設備管理・メンテナンスサービス営業（省エネ商社・設備工事）/2001629,0,436,0%,17.02
https://kyujin.careerlink.asia/blog/timoの口座開設/#i-7,0,431,0%,6.48
https://kyujin.careerlink.asia/blog/timoの口座開設/#Timo-3,0,430,0%,6.47
https://kyujin.careerlink.asia/blog/timoの口座開設/#Timo-2,0,429,0%,6.46
https://kyujin.careerlink.asia/vietnam/仕事情報/p/ハノイ/HN?page=2,0,427,0%,24.32
https://kyujin.careerlink.asia/blog/【ハノイ】日本語の本（書籍）が読める場所５ヶ/#BOOK_OF_APT,0,424,0%,4.29
https://kyujin.careerlink.asia/blog/【ハノイ】日本語の本（書籍）が読める場所５ヶ/#i,0,424,0%,4.29
https://kyujin.careerlink.asia/blog/【ハノイ】日本語の本（書籍）が読める場所５ヶ/#i-2,0,424,0%,4.29
https://kyujin.careerlink.asia/blog/ハノイおすすめカフェ12選/#Cafe_Giang,0,423,0%,9.39
https://kyujin.careerlink.asia/singapore/コラム/singapore-university-ranking#SMU,0,420,0%,5.07
https://kyujin.careerlink.asia/blog/ベトナムのお土産/#YUGOC,0,419,0%,7.55
https://kyujin.careerlink.asia/blog/ハノイおすすめカフェ12選/#Xofa_Cafe_Bistro,0,416,0%,9.38
https://kyujin.careerlink.asia/blog/ハノイおすすめカフェ12選/#Loading_T_cafe,0,415,0%,9.37
https://kyujin.careerlink.asia/blog/ホーチミンの年間天気・天気予報サイト/#i-2,0,410,0%,7.39
https://kyujin.careerlink.asia/vietnam/仕事情報/営業スタッフ（コンサルタント会社法務部門）/1833586,0,409,0%,16.45
https://kyujin.careerlink.asia/singapore/singapore-university-ranking#NUS,0,407,0%,4.87
https://kyujin.careerlink.asia/blog/ハノイのお土産/#333,0,407,0%,5.33
https://kyujin.careerlink.asia/thailand/仕事情報/p/チャチューンサオ/24,0,407,0%,8.23
https://kyujin.careerlink.asia/vietnam/仕事情報/営業シニアマネージャー-韓国企業担当/2116430,0,406,0%,20.1
https://kyujin.careerlink.asia/blog/ハノイおすすめカフェ12選/#All_day_coffee,0,394,0%,9.41
https://kyujin.careerlink.asia/vietnam/仕事情報/建築設計エンジニア/1277440,0,389,0%,27.3
https://kyujin.careerlink.asia/blog/ハノイラーメンマップ/#Ba_Dinh,0,388,0%,7.87
https://kyujin.careerlink.asia/singapore/singapore-university-ranking#SUTD,0,385,0%,4.69
https://kyujin.careerlink.asia/blog/ハノイラーメンマップ/#Nha_hang_Nhat_Ban_Tonchan,0,385,0%,7.88
https://kyujin.careerlink.asia/blog/ハノイ・ベトナム語教室/#Vietnam_Go_Language_Center_Brilliant_English,0,384,0%,5.42
https://kyujin.careerlink.asia/blog/ベトナムのお土産/#YUGOC-2,0,382,0%,5.72
https://kyujin.careerlink.asia/blog/ハノイおすすめカフェ12選/#Highlands_coffee,0,382,0%,9.37
https://kyujin.careerlink.asia/blog/ハノイおすすめカフェ12選/#Showtime_Coffee_Brunch,0,382,0%,9.47
https://kyujin.careerlink.asia/blog/ハノイラーメンマップ/#_Ramen_Haruki,0,367,0%,7.83
https://kyujin.careerlink.asia/blog/ハノイのお土産/#i-5,0,364,0%,7.35
https://kyujin.careerlink.asia/vietnam/コラム/vietnam-university-ranking#tnu,0,362,0%,8.19
https://kyujin.careerlink.asia/blog/ハノイ・ベトナム語教室/#123Vietnamese,0,361,0%,5.31
https://kyujin.careerlink.asia/vietnam/仕事情報/プロジェクトマネージャー（ハノイ）/1535193,0,348,0%,10.27
https://kyujin.careerlink.asia/blog/プーケットおすすめの高級5つ星ホテル/#__COMO_Point_Yamu_Phuket,0,333,0%,9.6
https://kyujin.careerlink.asia/singapore/singapore-university-ranking#SMU,0,331,0%,4.98
https://kyujin.careerlink.asia/blog/プーケットおすすめの高級5つ星ホテル/#__Anantara_Layan_Phuket_Resort,0,331,0%,9.6
https://kyujin.careerlink.asia/blog/ハノイラーメンマップ/#Ofukuro_Tei,0,329,0%,8.14
https://kyujin.careerlink.asia/blog/ハノイ・ベトナム語教室/#i,0,321,0%,5.61
https://kyujin.careerlink.asia/blog/ハノイラーメンマップ/#i,0,316,0%,8.11
https://kyujin.careerlink.asia/blog/ハノイのお土産/#L8217angfarm,0,315,0%,6.38
https://kyujin.careerlink.asia/blog/ハノイラーメンマップ/#Hai_Ba_Trung,0,315,0%,8.1
https://kyujin.careerlink.asia/singapore/singapore-university-ranking#NTU,0,313,0%,4.82
https://kyujin.careerlink.asia/blog/ハノイラーメンマップ/#MK_ENTERTAINMENT_CAFE,0,312,0%,8.11
https://kyujin.careerlink.asia/singapore/singapore-university-ranking#LAS,0,308,0%,4.77
https://kyujin.careerlink.asia/vietnam/コラム/vietnam-university-ranking#hanu,0,304,0%,7.61
https://kyujin.careerlink.asia/blog/ハノイおすすめカフェ12選/#Melbie_cafe_and_bakery,0,301,0%,9.5
https://kyujin.careerlink.asia/blog/ハノイのお土産/#Banh_dua_nuong,0,299,0%,7.63
https://kyujin.careerlink.asia/blog/ハノイのお土産/#Tanmy_Design,0,296,0%,6.99
https://kyujin.careerlink.asia/thailand/仕事情報/c/品質管理または品質保証/181,0,291,0%,11.14
https://kyujin.careerlink.asia/blog/台北ておすすめの高級5つ星ホテル/#__Grand_Mayfull_Hotel_Taipei,0,290,0%,5.75
https://kyujin.careerlink.asia/thailand/コラム/thai-university-ranking#ran,0,290,0%,5.82
https://kyujin.careerlink.asia/blog/プーケットおすすめの高級5つ星ホテル/#_The_Racha,0,290,0%,9.62
https://kyujin.careerlink.asia/malaysia/コラム/malaysia-university-ranking#USM,0,289,0%,8.12
https://kyujin.careerlink.asia/vietnam/コラム/vietnam-university-ranking#vu,0,288,0%,7.51
https://kyujin.careerlink.asia/blog/プーケットおすすめの高級5つ星ホテル/#__The_Shore_at_Katathani,0,288,0%,9.61
https://kyujin.careerlink.asia/blog/台北ておすすめの高級5つ星ホテル/#The_Okura_Prestige_Taipei,0,286,0%,5.68
https://kyujin.careerlink.asia/indonesia/仕事情報/塾講師＜jp280724＞/2866593,0,286,0%,14.74
https://kyujin.careerlink.asia/blog/台北ておすすめの高級5つ星ホテル/#__Hotel_Metropolitan_Premier_Taipei,0,282,0%,5.74
https://kyujin.careerlink.asia/blog/timoの口座開設/#i-3,0,282,0%,6.99
https://kyujin.careerlink.asia/blog/ホーチミンのおすすめお土産/#i-2,0,281,0%,6.71
https://kyujin.careerlink.asia/blog/チェンライおすすめの高級ホテル/#Oxy_Resort,0,281,0%,7.77
https://kyujin.careerlink.asia/blog/チェンライおすすめの高級ホテル/#_Le_Meridien_Chiang_Rai_Resort,0,281,0%,7.77
https://kyujin.careerlink.asia/vietnam/仕事情報/デザイングループ-マネージャー候補-インテリア製品/2866423,0,280,0%,12
https://kyujin.careerlink.asia/indonesia/仕事情報/営業<jp351024>/2866569,0,279,0%,29.63
https://kyujin.careerlink.asia/vietnam/仕事情報/c/法務/176,0,277,0%,19.77
https://kyujin.careerlink.asia/blog/ベトナムおすすめのvpn/#VPN-3,0,276,0%,7.81
https://kyujin.careerlink.asia/blog/ベトナムおすすめのvpn/#VPN,0,275,0%,7.81
https://kyujin.careerlink.asia/vietnam/仕事情報/女性活躍中！ハノイ近郊勤務でaseanへ出張もこなす業界未経験可能な営業職-化学品製造/2866014,0,275,0%,27.33
https://kyujin.careerlink.asia/blog/台北ておすすめの高級5つ星ホテル/#_Regent_Taipei,0,272,0%,5.71
https://kyujin.careerlink.asia/blog/ホーチミンのおすすめスーパーマーケット/#coopmart-2,0,270,0%,6.62
https://kyujin.careerlink.asia/blog/ベトナムおすすめのvpn/#VPNVPN,0,268,0%,7.84
https://kyujin.careerlink.asia/thailand/仕事情報/itプロジェクトマネージャー-プリセールスエンジニア/2866680,0,265,0%,20.15
https://kyujin.careerlink.asia/vietnam/仕事情報/営業マネージャー-製紙/2789447,0,258,0%,16.8
https://kyujin.careerlink.asia/thailand/仕事情報/会計・財務シニアマネージャ/2866046,0,256,0%,33.73
https://kyujin.careerlink.asia/vietnam/コラム/vietnam-university-ranking#tmu,0,255,0%,7.98
https://kyujin.careerlink.asia/blog/ホーチミンのおすすめスーパーマーケット/#i-3,0,253,0%,7.57
https://kyujin.careerlink.asia/blog/日本人に大人気のスーパー、ハノイの富分に行っ/#Tomibun,0,249,0%,7.99
https://kyujin.careerlink.asia/blog/日本人に大人気のスーパー、ハノイの富分に行っ/#i,0,249,0%,7.99
https://kyujin.careerlink.asia/blog/日本人に大人気のスーパー、ハノイの富分に行っ/#i-2,0,249,0%,7.99
https://kyujin.careerlink.asia/blog/日本人に大人気のスーパー、ハノイの富分に行っ/#i-3,0,249,0%,7.99
https://kyujin.careerlink.asia/blog/マレー語翻訳/#i,0,245,0%,8.27
https://kyujin.careerlink.asia/blog/マレー語翻訳/#i-2,0,245,0%,8.27
https://kyujin.careerlink.asia/blog/マレー語翻訳/#i-3,0,245,0%,8.27
https://kyujin.careerlink.asia/blog/マレー語翻訳/#i-4,0,242,0%,8.27
https://kyujin.careerlink.asia/blog/タイ・バンコクのハッピーアワーを楽しめるルー/#Octave_Rooftop_Bar,0,241,0%,4.51
https://kyujin.careerlink.asia/vietnam/コラム/vietnam-university-ranking#ud,0,241,0%,7.49
https://kyujin.careerlink.asia/thailand/コラム/thai-university-ranking#asia,0,240,0%,7.31
https://kyujin.careerlink.asia/blog/タイ・バンコクのハッピーアワーを楽しめるルー/#Belga_Rooftop_Bar_Brasserie,0,239,0%,4.5
https://kyujin.careerlink.asia/vietnam/仕事情報/pm（プロジェクトマネージャー）（東京orハノイ勤務）/928671,0,237,0%,31.05
https://kyujin.careerlink.asia/cambodia/コラム/cambodia-university-ranking#NUM,0,230,0%,3.7
https://kyujin.careerlink.asia/malaysia/コラム/malaysia-university-ranking#IISM,0,230,0%,8.48
https://kyujin.careerlink.asia/thailand/仕事情報/it-プログラマー-生産管理システム/2809911,0,229,0%,20.84
https://kyujin.careerlink.asia/blog/ハノイのおすすめスーパーマーケット/#LOTTE_Mart,0,228,0%,8.59
https://kyujin.careerlink.asia/vietnam/仕事情報/秘書スタッフ/886025,0,228,0%,21.72
https://kyujin.careerlink.asia/vietnam/仕事情報/税務法務テクニカルアドバイザー/1681012,0,227,0%,11.44
https://kyujin.careerlink.asia/vietnam/仕事情報/損害保険-営業マーケティング-エグゼクティブ/2866086,0,227,0%,12
https://kyujin.careerlink.asia/thailand/仕事情報/【タイ語が活かせる】タイ語通訳者/2866613,0,226,0%,19.81
https://kyujin.careerlink.asia/thailand/コラム/thai-university-ranking#MUT,0,223,0%,7.42
https://kyujin.careerlink.asia/indonesia/仕事情報/c/人事・総務/166,0,223,0%,34.22
https://kyujin.careerlink.asia/cambodia/コラム/cambodia-university-ranking#IU,0,222,0%,3.71
https://kyujin.careerlink.asia/blog/チェンライおすすめの高級ホテル/#_Katiliya_Mountain_Resort_Spa,0,222,0%,7.31
https://kyujin.careerlink.asia/blog/チェンライおすすめの高級ホテル/#_The_Riverie_by_Katathani,0,222,0%,7.31
https://kyujin.careerlink.asia/blog/ハノイのおすすめスーパーマーケット/#BRGBRG_Mart,0,220,0%,8.65
https://kyujin.careerlink.asia/blog/駐日ベトナム大使館/#i-3,0,219,0%,6.29
https://kyujin.careerlink.asia/blog/ハノイ韓国料理/#Gogi_House,0,218,0%,6.65
https://kyujin.careerlink.asia/blog/ベトナムおすすめのvpn/#Millen_VPNVPN,0,218,0%,7.72
https://kyujin.careerlink.asia/blog/プノンペンておすすめの高級5つ星ホテル/#Sofitel_Phnom_Penh_Phokeethra_Hotel,0,215,0%,6.94
https://kyujin.careerlink.asia/blog/プノンペンておすすめの高級5つ星ホテル/#_Rosewood_Phnom_Penh,0,214,0%,6.96
https://kyujin.careerlink.asia/blog/ベトナムおすすめのvpn/#Express_VPNVPN,0,214,0%,7.77
https://kyujin.careerlink.asia/blog/ベトナムおすすめのvpn/#VPN-2,0,213,0%,7.76
https://kyujin.careerlink.asia/blog/タイ・バンコクのハッピーアワーを楽しめるルー/#Zoom_Sky_Bar,0,212,0%,4.63
https://kyujin.careerlink.asia/blog/タイ・バンコクのハッピーアワーを楽しめるルー/#Scarlett_Wine_Bar_Restaurant,0,212,0%,4.66
https://kyujin.careerlink.asia/blog/ベトナムおすすめのvpn/#Nord_VPNVPN,0,212,0%,7.76
https://kyujin.careerlink.asia/blog/タイ・バンコクのハッピーアワーを楽しめるルー/#Above_Eleven,0,211,0%,4.69
https://kyujin.careerlink.asia/blog/駐日ベトナム大使館/#i,0,211,0%,6.2
https://kyujin.careerlink.asia/blog/プノンペンておすすめの高級5つ星ホテル/#Raffles_Hotel_Le_Royal,0,211,0%,6.87
https://kyujin.careerlink.asia/blog/マレーシアおすすめのvpn/#VPN,0,211,0%,8.09
https://kyujin.careerlink.asia/blog/ハノイ韓国料理/#Bornga_Vietnam,0,210,0%,6.75
https://kyujin.careerlink.asia/blog/マレーシアおすすめのvpn/#VPN5,0,210,0%,8.12
https://kyujin.careerlink.asia/blog/タイ・バンコクのハッピーアワーを楽しめるルー/#Vanilla_Sky,0,209,0%,4.66
https://kyujin.careerlink.asia/thailand/コラム/thai-university-ranking#MFL,0,209,0%,5.12
https://kyujin.careerlink.asia/blog/駐日ベトナム大使館/#i-6,0,209,0%,6.22
https://kyujin.careerlink.asia/blog/プノンペンておすすめの高級5つ星ホテル/#Hyatt_Regency_Phnom_Penh,0,208,0%,6.93
https://kyujin.careerlink.asia/malaysia/malaysia-university-ranking#USM,0,208,0%,7.86
https://kyujin.careerlink.asia/blog/パタヤおすすめの高級5つ星ホテル/#__Centara_Grand_Mirage_Beach_Resort_Pattaya,0,206,0%,8.6
https://kyujin.careerlink.asia/vietnam/仕事情報/物流管理-ロジスティクス/2132757,0,206,0%,22.02
https://kyujin.careerlink.asia/thailand/仕事情報/設備・機械メンテナンス（鍛造製品製造）/2502253,0,203,0%,32.12
https://kyujin.careerlink.asia/blog/ベトナム語/#Google,0,202,0%,7.54
https://kyujin.careerlink.asia/blog/ハノイのおすすめスーパーマーケット/#Vin_Mart,0,202,0%,8.49
https://kyujin.careerlink.asia/thailand/仕事情報/p/サムットプラーカーン/11,0,202,0%,13.27
https://kyujin.careerlink.asia/blog/ベトナム語/#i-2,0,201,0%,7.56
https://kyujin.careerlink.asia/blog/ベトナム語/#i-3,0,200,0%,7.53
https://kyujin.careerlink.asia/blog/ベトナム語/#i,0,199,0%,7.52
https://kyujin.careerlink.asia/blog/ハノイの旧市街おすすめス観光スポット/#i-9,0,199,0%,9.67
https://kyujin.careerlink.asia/thailand/コラム/thai-university-ranking#north,0,197,0%,7.29
https://kyujin.careerlink.asia/blog/ホーチミンの会計事務所/#i,0,194,0%,5.39
https://kyujin.careerlink.asia/malaysia/コラム/malaysia-university-ranking#UTM,0,194,0%,8.05
https://kyujin.careerlink.asia/malaysia/コラム/malaysia-university-ranking#UniMAP,0,194,0%,8.18
https://kyujin.careerlink.asia/blog/ハノイの旧市街おすすめス観光スポット/#i-2,0,194,0%,9.77
https://kyujin.careerlink.asia/vietnam/仕事情報/電気設備エンジニア/2598445,0,194,0%,31.05
https://kyujin.careerlink.asia/仕事情報/c/ホテル・宿泊施設サービス/163,0,194,0%,33.62
https://kyujin.careerlink.asia/malaysia/コラム/malaysia-university-ranking#UPM,0,193,0%,8.15
https://kyujin.careerlink.asia/blog/マレーシアおすすめのvpn/#Nord_VPNVPN,0,192,0%,8.22
https://kyujin.careerlink.asia/vietnam/仕事情報/フォワーダー営業/1300496,0,190,0%,25.76
https://kyujin.careerlink.asia/blog/ハノイ韓国料理/#Sajang_BBQBBQ,0,189,0%,6.9
https://kyujin.careerlink.asia/blog/ハノイの旧市街おすすめス観光スポット/#i-4,0,189,0%,9.52
https://kyujin.careerlink.asia/blog/ハノイのおすすめスーパーマーケット/#Naturally_Vietnam,0,188,0%,8.54
https://kyujin.careerlink.asia/malaysia/コラム/malaysia-university-ranking#UKM,0,187,0%,8.3
https://kyujin.careerlink.asia/blog/パタヤおすすめの高級5つ星ホテル/#Hilton_Pattaya,0,187,0%,8.71
https://kyujin.careerlink.asia/blog/ハノイの旧市街おすすめス観光スポット/#i-5,0,187,0%,9.55
https://kyujin.careerlink.asia/indonesia/仕事情報/品質管理・プロジェクトマネジメント＜jp240725＞/2866601,0,187,0%,19.36
https://kyujin.careerlink.asia/blog/駐日ベトナム大使館/#i-5,0,186,0%,6.63
https://kyujin.careerlink.asia/blog/hanoi-thaifoods/#_Som_Thum_Thai,0,183,0%,3.81
https://kyujin.careerlink.asia/blog/駐日ベトナム大使館/#i-2,0,183,0%,6.53
https://kyujin.careerlink.asia/malaysia/malaysia-university-ranking#IISM,0,183,0%,8.01
https://kyujin.careerlink.asia/blog/パタヤおすすめの高級5つ星ホテル/#Grande_Centre_Point_Pattaya,0,183,0%,8.49
https://kyujin.careerlink.asia/blog/ハノイの旧市街おすすめス観光スポット/#i,0,183,0%,9.52
https://kyujin.careerlink.asia/blog/ホーチミンの会計事務所/#i-4,0,182,0%,5.53
https://kyujin.careerlink.asia/blog/ハノイの日本人向けビジネスホテル/#_8211,0,182,0%,6.67
https://kyujin.careerlink.asia/vietnam/仕事情報/物流営業/1579930,0,182,0%,22.99
https://kyujin.careerlink.asia/blog/ハノイの日本人向けビジネスホテル/#_8211-2,0,181,0%,6.66
https://kyujin.careerlink.asia/blog/ハノイ韓国料理/#Dookki,0,180,0%,6.56
https://kyujin.careerlink.asia/blog/ハノイの日本人向けビジネスホテル/#i-2,0,178,0%,6.66
https://kyujin.careerlink.asia/malaysia/コラム/malaysia-university-ranking#UiTM,0,178,0%,7.35
https://kyujin.careerlink.asia/thailand/仕事情報/品質管理アドバイザー（金属加工）/1844626,0,178,0%,25.86
https://kyujin.careerlink.asia/blog/ハノイの旧市街おすすめス観光スポット/#i-7,0,177,0%,9.74
https://kyujin.careerlink.asia/blog/ベトナム新興宗教カオダイ教総本山/,0,176,0%,9.14
https://kyujin.careerlink.asia/vietnam/仕事情報/sales-staff-system-and-network-integrator/1745857,0,176,0%,32.13
https://kyujin.careerlink.asia/blog/ハノイのおすすめスーパーマーケット/#Tomibun,0,174,0%,8.14
https://kyujin.careerlink.asia/blog/hanoi-thaifoods/#_Thai_Express,0,173,0%,3.53
https://kyujin.careerlink.asia/blog/タイ人材紹介会社/#CareerLink_Thailand,0,173,0%,5.35
https://kyujin.careerlink.asia/blog/タイ人材紹介会社/#PERSONNEL_CONSULTANT,0,173,0%,5.52
https://kyujin.careerlink.asia/blog/ハノイ韓国料理/#Mildang,0,171,0%,6.57
https://kyujin.careerlink.asia/blog/クアラルンプールマレー語教室/#A_To_Z,0,171,0%,6.98
https://kyujin.careerlink.asia/blog/クアラルンプールマレー語教室/#ICLS_Inter-Cultural_Language_School,0,171,0%,6.98
https://kyujin.careerlink.asia/blog/クアラルンプールマレー語教室/#SLC,0,171,0%,6.98
https://kyujin.careerlink.asia/blog/クアラルンプールマレー語教室/#YMCA,0,171,0%,6.98
https://kyujin.careerlink.asia/blog/ハノイのおすすめスーパーマーケット/#Fuji_Mart,0,170,0%,8.55
https://kyujin.careerlink.asia/blog/マレーシアおすすめのvpn/#Millen_VPNVPN,0,169,0%,8.07
https://kyujin.careerlink.asia/thailand/仕事情報/営業技術-自動車用鍛造部品/2866630,0,169,0%,20.69
https://kyujin.careerlink.asia/blog/パタヤおすすめの高級5つ星ホテル/#_Cape_Dara_Resort,0,168,0%,8.64
https://kyujin.careerlink.asia/indonesia/仕事情報/c/教育-訓練-日本語教師/204,0,167,0%,39.51
https://kyujin.careerlink.asia/blog/hanoi-thaifoods/#TSF_TSF_Thai_Street_Food,0,166,0%,3.83
https://kyujin.careerlink.asia/blog/駐日ベトナム大使館/#i-4,0,166,0%,6.42
https://kyujin.careerlink.asia/blog/マレーシアおすすめのvpn/#VPNVPN,0,165,0%,7.94
https://kyujin.careerlink.asia/cambodia/コラム/cambodia-university-ranking#RUFA,0,164,0%,3.41
https://kyujin.careerlink.asia/blog/hanoi-thaifoods/#_Gusto_Thai,0,164,0%,3.8
https://kyujin.careerlink.asia/blog/マレーシアおすすめのvpn/#Express_VPNVPN,0,164,0%,8.11
https://kyujin.careerlink.asia/blog/ハノイ韓国料理/#BBQ_chicken,0,163,0%,6.92
https://kyujin.careerlink.asia/vietnam/仕事情報/ベトナム法人代表者（飲食経営）/2811271,0,163,0%,27.06
https://kyujin.careerlink.asia/blog/ハノイ韓国料理/#Itaewon_Dakgalbi,0,162,0%,7.06
https://kyujin.careerlink.asia/blog/ホーチミンのおすすめお土産/#i-5,0,162,0%,8.42
https://kyujin.careerlink.asia/malaysia/malaysia-university-ranking#UPM,0,161,0%,7.92
https://kyujin.careerlink.asia/blog/マレーシアおすすめのvpn/#VPN-2,0,161,0%,8.11
https://kyujin.careerlink.asia/blog/セブおすすめ高級5つ星ホテル/#J_JPark_Island_Resort_and_Waterpark,0,159,0%,10.06
https://kyujin.careerlink.asia/blog/セブおすすめ高級5つ星ホテル/#___Shangri-La_Mactan_Cebu,0,159,0%,10.06
https://kyujin.careerlink.asia/malaysia/malaysia-university-ranking#UniMAP,0,158,0%,7.94
https://kyujin.careerlink.asia/vietnam/仕事情報/セールスエンジニア-商社/2854238,0,158,0%,12.74
https://kyujin.careerlink.asia/vietnam/仕事情報/電気設備工事設計技術者-cad/1876144,0,158,0%,35.28
https://kyujin.careerlink.asia/vietnam/仕事情報/c/経営幹部（ceo・cfo・coo等）/159,0,158,0%,36.37
https://kyujin.careerlink.asia/blog/ハノイの旧市街おすすめス観光スポット/#4,0,157,0%,9.8
https://kyujin.careerlink.asia/vietnam/仕事情報/【語学不問】bpo企業での日本人管理者募集（深夜シフト勤務）/2866561,0,157,0%,14.05
https://kyujin.careerlink.asia/仕事情報/c/会計・税務/161,0,156,0%,23.87
https://kyujin.careerlink.asia/blog/hanoi-thaifoods/#_Coca_restaurant,0,154,0%,3.53
https://kyujin.careerlink.asia/blog/hanoi-thaifoods/#Khrua_Baan_Thai,0,153,0%,3.49
https://kyujin.careerlink.asia/blog/hanoi-thaifoods/#Koh_Yam_8211_Thai_Kitchen_Dessert,0,153,0%,3.49
https://kyujin.careerlink.asia/blog/ベトナム女性の日/,0,152,0%,16.22
https://kyujin.careerlink.asia/仕事情報/c/エンジニア/183,0,152,0%,34.41
https://kyujin.careerlink.asia/philippines/コラム/Philippines-Visa,0,150,0%,81.42
https://kyujin.careerlink.asia/blog/ホーチミンの会計事務所/#i-2,0,149,0%,5.4
https://kyujin.careerlink.asia/blog/ハノイのバー/#The_Drunken_duck,0,149,0%,7.59
https://kyujin.careerlink.asia/blog/ベトナム語/#VoiceTra,0,148,0%,7.83
https://kyujin.careerlink.asia/thailand/仕事情報/和食-調理スタッフ/1844981,0,148,0%,27.18
https://kyujin.careerlink.asia/thailand/仕事情報/工場監視・管理者-木工製品製造/2459449,0,148,0%,31.97
https://kyujin.careerlink.asia/malaysia/malaysia-university-ranking#UKM,0,147,0%,8.28
https://kyujin.careerlink.asia/vietnam/仕事情報/itプロジェクトマネージャー/1717310,0,147,0%,25.17
https://kyujin.careerlink.asia/thailand/仕事情報/コールセンターオペレーター/2866322,0,146,0%,15.4
https://kyujin.careerlink.asia/vietnam/仕事情報/【インテリアデザインの経験者歓迎、福利厚生も充実】家具デザイナー-リーダー候補/2866738,0,144,0%,7.26
https://kyujin.careerlink.asia/blog/セブおすすめ高級5つ星ホテル/#__Crimson_Resort_and_Spa,0,144,0%,10.1
https://kyujin.careerlink.asia/blog/ベトナムでchatgptを使う/#ChatGPT,0,143,0%,3.83
https://kyujin.careerlink.asia/blog/ベトナムでchatgptを使う/#ChatGPT-2,0,143,0%,3.83
https://kyujin.careerlink.asia/thailand/仕事情報/【駐在員・タイ】経理アシスタントマネージャ/2512694,0,142,0%,32.15
https://kyujin.careerlink.asia/blog/ハノイの日本人向けビジネスホテル/#i,0,141,0%,6.54
https://kyujin.careerlink.asia/blog/マレーシアで携帯電話使い方ガイド/#i-2,0,141,0%,7.91
https://kyujin.careerlink.asia/blog/マレーシアで携帯電話使い方ガイド/#4,0,140,0%,7.92
https://kyujin.careerlink.asia/thailand/仕事情報/製造アドバイザー（射出成型用金型）/1987016,0,138,0%,17.18
https://kyujin.careerlink.asia/malaysia/malaysia-university-ranking#UTM,0,136,0%,7.47
https://kyujin.careerlink.asia/blog/マレーシアで携帯電話使い方ガイド/#SIM-2,0,136,0%,7.84
https://kyujin.careerlink.asia/vietnam/仕事情報/製造管理者（品質管理・生産管理-縫製）/2866537,0,134,0%,26.98
https://kyujin.careerlink.asia/blog/ハノイのおすすめスーパーマーケット/#Soi_Bien,0,133,0%,8.97
https://kyujin.careerlink.asia/vietnam/仕事情報/bpoセンター管理者-bpo/2866082,0,133,0%,13.42
https://kyujin.careerlink.asia/cambodia/コラム/cambodia-university-ranking#PUC,0,131,0%,3.58
https://kyujin.careerlink.asia/blog/フードデリバリーアプリ/#Baemin,0,129,0%,7.26
https://kyujin.careerlink.asia/blog/フードデリバリーアプリ/#Grab_food,0,129,0%,7.26
https://kyujin.careerlink.asia/blog/フードデリバリーアプリ/#Shopee_food,0,129,0%,7.26
https://kyujin.careerlink.asia/vietnam/仕事情報/セールスエンジニア（水処理・化学）/1380461,0,129,0%,27.4
https://kyujin.careerlink.asia/blog/ハノイのお好み焼き/#Botejyu,0,128,0%,6.95
https://kyujin.careerlink.asia/blog/ハノイのお好み焼き/#Chibo,0,128,0%,6.95
https://kyujin.careerlink.asia/jobseeker,0,128,0%,10.88
https://kyujin.careerlink.asia/blog/マレーシアで携帯電話使い方ガイド/#i,0,127,0%,7.87
https://kyujin.careerlink.asia/malaysia/malaysia-university-ranking#UiTM,0,126,0%,7.48
https://kyujin.careerlink.asia/blog/ハノイのおすすめスーパーマーケット/#Annam_Gourmet,0,124,0%,8.81
https://kyujin.careerlink.asia/thailand/コラム/thai-university-ranking#assu,0,123,0%,6.42
https://kyujin.careerlink.asia/仕事情報/c/法務/176,0,123,0%,28.11
https://kyujin.careerlink.asia/blog/タイ人材紹介会社/#Reeracoen_Thailand,0,122,0%,5.48
https://kyujin.careerlink.asia/blog/ベトナムのお土産/#Banh_dua_nuong,0,122,0%,7.8
https://kyujin.careerlink.asia/blog/マレーシアで携帯電話使い方ガイド/#SIM,0,121,0%,7.79
https://kyujin.careerlink.asia/blog/マレーシアで携帯電話使い方ガイド/#SIM-4,0,121,0%,7.79
https://kyujin.careerlink.asia/blog/日本でベトナム人外国労働者を採用する方法/,0,121,0%,47.64
https://kyujin.careerlink.asia/blog/マレーシアで携帯電話使い方ガイド/#SIM-3,0,120,0%,7.76
https://kyujin.careerlink.asia/vietnam/コラム/vietnam-university-ranking#hmu,0,120,0%,8.09
https://kyujin.careerlink.asia/blog/tag/ビンコムセンター/,0,120,0%,12.54
https://kyujin.careerlink.asia/vietnam/コラム/hochiminh-ramen2016,0,120,0%,15.7
https://kyujin.careerlink.asia/仕事情報/company/キャリアリンク-仲介求人/89163?page=2,0,118,0%,31.34
https://kyujin.careerlink.asia/thailand/仕事情報/アドバイザリースタッフ（主に会計・総務・人事業務を担当）/2866727,0,117,0%,36.26
https://kyujin.careerlink.asia/vietnam/仕事情報/itソフトウェア開発会社-人事シニアマネージャー/2835025,0,116,0%,24.09
https://kyujin.careerlink.asia/vietnam/仕事情報/ビジネスコンサルティング営業/2315346,0,115,0%,26.05
https://kyujin.careerlink.asia/vietnam/仕事情報/営業マーケティング担当-保険/2866434,0,115,0%,30.16
https://kyujin.careerlink.asia/blog/タイ人材紹介会社/#ICHIJIN_RECRUITMENT,0,114,0%,5.14
https://kyujin.careerlink.asia/blog/ホーチミンのおすすめお土産/#i-10,0,114,0%,8.19
https://kyujin.careerlink.asia/vietnam/仕事情報/c/物流/186,0,112,0%,16.66
https://kyujin.careerlink.asia/vietnam/仕事情報/税務法務テクニカルアドバイザー-or-アシスタント/1681012,0,112,0%,24.77
https://kyujin.careerlink.asia/vietnam/仕事情報/セールスマネージャー-金属加工）/2456647,0,112,0%,24.79
https://kyujin.careerlink.asia/cambodia/就職情報/祝祭日,0,112,0%,27.21
https://kyujin.careerlink.asia/vietnam/仕事情報/グローバル企業で電気技術者の最前線で活躍しよう/2866165,0,111,0%,6.68
https://kyujin.careerlink.asia/indonesia/仕事情報/秘書＜jp280825＞/2866604,0,110,0%,15.95
https://kyujin.careerlink.asia/blog/ムイネーおすすめの高級ホテル/#__Anantara_Mui_Ne_Resort,0,109,0%,6.69
https://kyujin.careerlink.asia/blog/ムイネーおすすめの高級ホテル/#__Cham_Villas_Boutique_Luxury_Resort,0,108,0%,6.6
https://kyujin.careerlink.asia/vietnam/仕事情報/dx化pm-製造業/2866143,0,107,0%,6.73
https://kyujin.careerlink.asia/blog/ホーチミンおすすめのカフェ/#PROPAGANDA,0,107,0%,9.01
https://kyujin.careerlink.asia/vietnam/仕事情報/マーケティングプランナー（マネージャー候補-it受注）/2865987,0,107,0%,27.21
https://kyujin.careerlink.asia/thailand/仕事情報/秘書-中国語必須-エアコン製造/2008299,0,106,0%,33.7
https://kyujin.careerlink.asia/blog/ホーチミンのおすすめスーパーマーケット/#Satra_Foods,0,105,0%,5.54
https://kyujin.careerlink.asia/thailand/仕事情報/コールセンター-スーパーバイザー/2866323,0,105,0%,14.42
https://kyujin.careerlink.asia/job/list?page=2,0,105,0%,30.56
https://kyujin.careerlink.asia/blog/タイ人材紹介会社/#Adecco_Recruitment_Thailand,0,104,0%,5.88
https://kyujin.careerlink.asia/blog/tag/ホーチミンマッサージ/,0,104,0%,23.58
https://kyujin.careerlink.asia/vietnam/仕事情報/セールスマネージャー-ソフトウェア受注開発/2669734,0,104,0%,25.52
https://kyujin.careerlink.asia/thailand/仕事情報/薬事アドバイザー-ecサイト/2866304,0,103,0%,17.87
https://kyujin.careerlink.asia/vietnam/仕事情報/phpエンジニア管理スタッフ/1737519,0,103,0%,29.93
https://kyujin.careerlink.asia/仕事情報/c/人事・総務/166,0,100,0%,13.86
https://kyujin.careerlink.asia/thailand/仕事情報/【経験不問】コーディネーター-（会計、税務、コンサルティング）/2589602,0,100,0%,34.91
https://kyujin.careerlink.asia/vietnam/仕事情報/品質保証（食品加工工場）/2792174,0,99,0%,28.38
https://kyujin.careerlink.asia/vietnam/仕事情報/コンサルタント-進出企業向けのサポート業務/1407319,0,98,0%,16.13
https://kyujin.careerlink.asia/vietnam/VietnamLabourLaw/LabourContract#VNLL03a,0,97,0%,4.9
https://kyujin.careerlink.asia/blog/ハノイおすすめカフェ12選/#The_coffee_house,0,96,0%,9.39
https://kyujin.careerlink.asia/blog/ムイネーおすすめの高級ホテル/#__The_Cliff_Resort_and_Residences,0,95,0%,6.64
https://kyujin.careerlink.asia/blog/ムイネーおすすめの高級ホテル/#__Sea_Links_Beach_Resort_Golf,0,94,0%,6.8
https://kyujin.careerlink.asia/vietnam/仕事情報/カスタマーサポート（物流）/2835582,0,94,0%,17.48
https://kyujin.careerlink.asia/indonesia/仕事情報/営業＜jp270723＞/2866598,0,94,0%,23.79